Function,Synopsis,Parameter,Type,Mandatory,IsSwitch,Aliases,ParameterSets,AcceptsPipeline,Description
Add-ADTEdgeExtension,Adds an extension for Microsoft Edge using the ExtensionSettings policy.,ExtensionID,String,TRUE,FALSE,,__AllParameterSets,FALSE,The ID of the extension to add.
Add-ADTEdgeExtension,Adds an extension for Microsoft Edge using the ExtensionSettings policy.,UpdateUrl,String,TRUE,FALSE,,__AllParameterSets,FALSE,The update URL of the extension. This is the URL where the extension will check for updates.
Add-ADTEdgeExtension,Adds an extension for Microsoft Edge using the ExtensionSettings policy.,InstallationMode,String,TRUE,FALSE,,__AllParameterSets,FALSE,"The installation mode of the extension. Allowed values: blocked, allowed, removed, force_installed, normal_installed."
Add-ADTEdgeExtension,Adds an extension for Microsoft Edge using the ExtensionSettings policy.,MinimumVersionRequired,String,FALSE,FALSE,,__AllParameterSets,FALSE,The minimum version of the extension required for installation.
Add-ADTModuleCallback,Adds a callback function to the nominated hooking point.,Hookpoint,CallbackType,TRUE,FALSE,,__AllParameterSets,FALSE,"Where you wish for the callback to be executed at. Valid hookpoints are: * OnInit (The callback is executed before the module is initialized) * OnStart (The callback is executed before the first deployment session is opened) * PreOpen (The callback is executed before a deployment session is opened) * PostOpen (The callback is executed after a deployment session is opened) * PreClose (The callback is executed before the deployment session is closed) * PostClose (The callback is executed after the deployment session is closed) * OnFinish (The callback is executed before the last deployment session is closed) * OnExit (The callback is executed after the last deployment session is closed) Each hook point supports multiple callbacks, each invoked in the order they're added. To see a list all the registered callbacks in order, use `Get-ADTModuleCallback`."
Add-ADTModuleCallback,Adds a callback function to the nominated hooking point.,Callback,CommandInfo[],TRUE,FALSE,,__AllParameterSets,FALSE,The callback function to add to the nominated hooking point.
Block-ADTAppExecution,Block the execution of an application(s).,Processes,ProcessDefinition[],TRUE,FALSE,ProcessName,__AllParameterSets,FALSE,Name of the process or processes separated by commas.
Block-ADTAppExecution,Block the execution of an application(s).,WindowLocation,DialogPosition,FALSE,FALSE,,__AllParameterSets,FALSE,The location of the dialog on the screen.
Clear-ADTModuleCallback,Clears the nominated hooking point of all callbacks.,Hookpoint,CallbackType,TRUE,FALSE,,__AllParameterSets,FALSE,"The callback hook point that you wish to clear. Valid hookpoints are: * OnInit (The callback is executed before the module is initialized) * OnStart (The callback is executed before the first deployment session is opened) * PreOpen (The callback is executed before a deployment session is opened) * PostOpen (The callback is executed after a deployment session is opened) * PreClose (The callback is executed before the deployment session is closed) * PostClose (The callback is executed after the deployment session is closed) * OnFinish (The callback is executed before the last deployment session is closed) * OnExit (The callback is executed after the last deployment session is closed) To see a list all the registered callbacks in order, use `Get-ADTModuleCallback`."
Close-ADTInstallationProgress,Closes the dialog created by Show-ADTInstallationProgress.,(none),,,,,,,
Close-ADTSession,Closes the active ADT session.,ExitCode,Nullable`1,FALSE,FALSE,,"Force, None, NoShellExit",FALSE,The exit code to set for the session.
Close-ADTSession,Closes the active ADT session.,NoShellExit,SwitchParameter,TRUE,TRUE,,NoShellExit,FALSE,Doesn't exit PowerShell upon closing of the final session.
Close-ADTSession,Closes the active ADT session.,Force,SwitchParameter,TRUE,TRUE,,Force,FALSE,Forcibly exits PowerShell upon closing of the final session.
Close-ADTSession,Closes the active ADT session.,PassThru,SwitchParameter,FALSE,TRUE,,"Force, None, NoShellExit",FALSE,Returns the exit code of the session being closed.
Complete-ADTFunction,Completes the execution of an ADT function.,Cmdlet,PSCmdlet,TRUE,FALSE,,__AllParameterSets,FALSE,The PSCmdlet object representing the cmdlet being completed.
Convert-ADTRegistryPath,Converts the specified registry key path to a format that is compatible with built-in PowerShell cmdlets.,Key,String,TRUE,FALSE,,__AllParameterSets,FALSE,Path to the registry key to convert (can be a registry hive or fully qualified path)
Convert-ADTRegistryPath,Converts the specified registry key path to a format that is compatible with built-in PowerShell cmdlets.,SID,String,FALSE,FALSE,,__AllParameterSets,FALSE,The security identifier (SID) for a user. Specifying this parameter will convert a HKEY_CURRENT_USER registry key to the HKEY_USERS\$SID format. Specify this parameter from the Invoke-ADTAllUsersRegistryAction function to read/edit HKCU registry settings for all users on the system.
Convert-ADTRegistryPath,Converts the specified registry key path to a format that is compatible with built-in PowerShell cmdlets.,Wow6432Node,SwitchParameter,FALSE,TRUE,,__AllParameterSets,FALSE,Specifies that the 32-bit registry view (Wow6432Node) should be used on a 64-bit system.
Convert-ADTValuesFromRemainingArguments,Converts the collected values from a ValueFromRemainingArguments parameter value into a dictionary or PowerShell.exe command line arguments.,RemainingArguments,IReadOnlyList`1,TRUE,FALSE,,__AllParameterSets,FALSE,The collected values to enumerate and process into a dictionary.
Convert-ADTValueType,Casts the provided value to the requested type without range errors.,Value,Int64,TRUE,FALSE,,__AllParameterSets,TRUE,The value to convert.
Convert-ADTValueType,Casts the provided value to the requested type without range errors.,To,ValueTypes,TRUE,FALSE,,__AllParameterSets,FALSE,What to cast the value to.
ConvertTo-ADTNTAccountOrSID,Convert between NT Account names and their security identifiers (SIDs).,AccountName,NTAccount,TRUE,FALSE,,NTAccountToSID,TRUE,"The Windows NT Account name specified in <domain>\<username> format. Use fully qualified account names (e.g., <domain>\<username>) instead of isolated names (e.g, <username>) because they are unambiguous and provide better performance."
ConvertTo-ADTNTAccountOrSID,Convert between NT Account names and their security identifiers (SIDs).,SID,SecurityIdentifier,TRUE,FALSE,,SIDToNTAccount,TRUE,The Windows NT Account SID.
ConvertTo-ADTNTAccountOrSID,Convert between NT Account names and their security identifiers (SIDs).,WellKnownSIDName,WellKnownSidType,TRUE,FALSE,,"WellKnownName, WellKnownNameLdap, WellKnownNameLocalHost",TRUE,"Specify the Well Known SID name translate to the actual SID (e.g., LocalServiceSid). To get all well known SIDs available on system: [Enum]::GetNames([Security.Principal.WellKnownSidType])"
ConvertTo-ADTNTAccountOrSID,Convert between NT Account names and their security identifiers (SIDs).,WellKnownToNTAccount,SwitchParameter,FALSE,TRUE,,"WellKnownName, WellKnownNameLdap, WellKnownNameLocalHost",FALSE,Convert the Well Known SID to an NTAccount name.
ConvertTo-ADTNTAccountOrSID,Convert between NT Account names and their security identifiers (SIDs).,LocalHost,SwitchParameter,TRUE,TRUE,,WellKnownNameLocalHost,FALSE,Avoids a costly domain check when only converting local accounts.
ConvertTo-ADTNTAccountOrSID,Convert between NT Account names and their security identifiers (SIDs).,LdapUri,String,TRUE,FALSE,,WellKnownNameLdap,FALSE,"Allows specification of the LDAP URI to use, either `LDAP://` or `LDAPS://`."
Copy-ADTContentToCache,Copies the toolkit content to a cache folder on the local machine and sets the $adtSession.DirFiles and $adtSession.DirSupportFiles directory to the cache path.,LiteralPath,String,FALSE,FALSE,"Path, PSPath",__AllParameterSets,FALSE,The path to the software cache folder.
Copy-ADTFile,Copies files and directories from a source to a destination.,Path,String[],TRUE,FALSE,,__AllParameterSets,FALSE,Path of the file to copy. Multiple paths can be specified.
Copy-ADTFile,Copies files and directories from a source to a destination.,Destination,String,TRUE,FALSE,,__AllParameterSets,FALSE,Destination Path of the file to copy.
Copy-ADTFile,Copies files and directories from a source to a destination.,Recurse,SwitchParameter,FALSE,TRUE,,__AllParameterSets,FALSE,Copy files in subdirectories.
Copy-ADTFile,Copies files and directories from a source to a destination.,Flatten,SwitchParameter,FALSE,TRUE,,__AllParameterSets,FALSE,Flattens the files into the root destination directory.
Copy-ADTFile,Copies files and directories from a source to a destination.,ContinueFileCopyOnError,SwitchParameter,FALSE,TRUE,,__AllParameterSets,FALSE,Continue copying files if an error is encountered. This will continue the deployment script and will warn about files that failed to be copied.
Copy-ADTFile,Copies files and directories from a source to a destination.,FileCopyMode,String,FALSE,FALSE,,__AllParameterSets,FALSE,"Select from 'Native' or 'Robocopy'. Default is configured in config.psd1. Note that Robocopy supports * in file names, but not folders, in source paths."
Copy-ADTFile,Copies files and directories from a source to a destination.,RobocopyParams,String,FALSE,FALSE,,__AllParameterSets,FALSE,Override the default Robocopy parameters.
Copy-ADTFile,Copies files and directories from a source to a destination.,RobocopyAdditionalParams,String,FALSE,FALSE,,__AllParameterSets,FALSE,Append to the default Robocopy parameters.
Copy-ADTFileToUserProfiles,Copy one or more items to each user profile on the system.,Path,String[],TRUE,FALSE,,__AllParameterSets,TRUE,The path of the file or folder to copy.
Copy-ADTFileToUserProfiles,Copy one or more items to each user profile on the system.,Destination,String,FALSE,FALSE,,__AllParameterSets,FALSE,The path of the destination folder to append to the root of the user profile.
Copy-ADTFileToUserProfiles,Copy one or more items to each user profile on the system.,BasePath,String,FALSE,FALSE,,__AllParameterSets,FALSE,The base path to append the destination folder to.
Copy-ADTFileToUserProfiles,Copy one or more items to each user profile on the system.,Recurse,SwitchParameter,FALSE,TRUE,,__AllParameterSets,FALSE,Copy files in subdirectories.
Copy-ADTFileToUserProfiles,Copy one or more items to each user profile on the system.,Flatten,SwitchParameter,FALSE,TRUE,,__AllParameterSets,FALSE,Flattens the files into the root destination directory.
Copy-ADTFileToUserProfiles,Copy one or more items to each user profile on the system.,FileCopyMode,String,FALSE,FALSE,,__AllParameterSets,FALSE,"Select from 'Native' or 'Robocopy'. Default is configured in config.psd1. Note that Robocopy supports * in file names, but not folders, in source paths."
Copy-ADTFileToUserProfiles,Copy one or more items to each user profile on the system.,RobocopyParams,String,FALSE,FALSE,,__AllParameterSets,FALSE,Override the default Robocopy parameters.
Copy-ADTFileToUserProfiles,Copy one or more items to each user profile on the system.,RobocopyAdditionalParams,String,FALSE,FALSE,,__AllParameterSets,FALSE,Append to the default Robocopy parameters.
Copy-ADTFileToUserProfiles,Copy one or more items to each user profile on the system.,UserProfiles,UserProfile[],TRUE,FALSE,,SpecifiedProfiles,FALSE,Specifies one or more UserProfile objects to copy files into.
Copy-ADTFileToUserProfiles,Copy one or more items to each user profile on the system.,ExcludeNTAccount,String[],FALSE,FALSE,,CalculatedProfiles,FALSE,Specify NT account names in Domain\Username format to exclude from the list of user profiles.
Copy-ADTFileToUserProfiles,Copy one or more items to each user profile on the system.,IncludeSystemProfiles,SwitchParameter,FALSE,TRUE,,CalculatedProfiles,FALSE,"Include system profiles: SYSTEM, LOCAL SERVICE, NETWORK SERVICE."
Copy-ADTFileToUserProfiles,Copy one or more items to each user profile on the system.,IncludeServiceProfiles,SwitchParameter,FALSE,TRUE,,CalculatedProfiles,FALSE,Include service profiles where NTAccount begins with NT SERVICE.
Copy-ADTFileToUserProfiles,Copy one or more items to each user profile on the system.,ExcludeDefaultUser,SwitchParameter,FALSE,TRUE,,CalculatedProfiles,FALSE,Exclude the Default User.
Copy-ADTFileToUserProfiles,Copy one or more items to each user profile on the system.,ContinueFileCopyOnError,SwitchParameter,FALSE,TRUE,,__AllParameterSets,FALSE,Continue copying files if an error is encountered. This will continue the deployment script and will warn about files that failed to be copied.
Disable-ADTTerminalServerInstallMode,Changes the current Remote Desktop Session Host/Citrix server to user execute mode.,(none),,,,,,,
Dismount-ADTWimFile,Dismounts a WIM file from the specified mount point.,ImagePath,FileInfo[],TRUE,FALSE,,ImagePath,FALSE,The path to the WIM file.
Dismount-ADTWimFile,Dismounts a WIM file from the specified mount point.,Path,DirectoryInfo[],TRUE,FALSE,,Path,FALSE,The path to the WIM mount point.
Enable-ADTTerminalServerInstallMode,Changes the current Remote Desktop Session Host/Citrix server to user install mode.,(none),,,,,,,
Export-ADTEnvironmentTableToSessionState,Exports the content of `Get-ADTEnvironmentTable` to the provided SessionState as variables.,SessionState,SessionState,FALSE,FALSE,,__AllParameterSets,FALSE,"Defaults to $PSCmdlet.SessionState to get the caller's SessionState, so only required if you need to override this."
Get-ADTApplication,Retrieves information about installed applications.,Name,String[],FALSE,FALSE,,__AllParameterSets,FALSE,The name of the application to retrieve information for. Performs a contains match on the application display name by default.
Get-ADTApplication,Retrieves information about installed applications.,NameMatch,String,FALSE,FALSE,,__AllParameterSets,FALSE,"Specifies the type of match to perform on the application name. Valid values are 'Contains', 'Exact', 'Wildcard', and 'Regex'. The default value is 'Contains'."
Get-ADTApplication,Retrieves information about installed applications.,ProductCode,Guid[],FALSE,FALSE,,__AllParameterSets,FALSE,The product code of the application to retrieve information for.
Get-ADTApplication,Retrieves information about installed applications.,ApplicationType,String,FALSE,FALSE,,__AllParameterSets,FALSE,"Specifies the type of application to remove. Valid values are 'All', 'MSI', and 'EXE'. The default value is 'All'."
Get-ADTApplication,Retrieves information about installed applications.,IncludeUpdatesAndHotfixes,SwitchParameter,FALSE,TRUE,,__AllParameterSets,FALSE,Include matches against updates and hotfixes in results.
Get-ADTApplication,Retrieves information about installed applications.,FilterScript,ScriptBlock,FALSE,FALSE,,__AllParameterSets,FALSE,A script used to filter the results as they're processed.
Get-ADTBoundParametersAndDefaultValues,Returns a hashtable with the output of $PSBoundParameters and default-valued parameters for the given InvocationInfo.,Invocation,InvocationInfo,TRUE,FALSE,,__AllParameterSets,FALSE,The script or function's InvocationInfo ($MyInvocation) to process.
Get-ADTBoundParametersAndDefaultValues,Returns a hashtable with the output of $PSBoundParameters and default-valued parameters for the given InvocationInfo.,ParameterSetName,String,FALSE,FALSE,,__AllParameterSets,FALSE,The ParameterSetName to use as a filter against the Invocation's parameters.
Get-ADTBoundParametersAndDefaultValues,Returns a hashtable with the output of $PSBoundParameters and default-valued parameters for the given InvocationInfo.,HelpMessage,String,FALSE,FALSE,,__AllParameterSets,FALSE,The HelpMessage field to use as a filter against the Invocation's parameters.
Get-ADTBoundParametersAndDefaultValues,Returns a hashtable with the output of $PSBoundParameters and default-valued parameters for the given InvocationInfo.,Exclude,String[],FALSE,FALSE,,__AllParameterSets,FALSE,One or more parameter names to exclude from the results.
Get-ADTBoundParametersAndDefaultValues,Returns a hashtable with the output of $PSBoundParameters and default-valued parameters for the given InvocationInfo.,CommonParameters,SwitchParameter,FALSE,TRUE,,__AllParameterSets,FALSE,Specifies whether PowerShell advanced function common parameters should be included.
Get-ADTCommandTable,Returns PSAppDeployToolkit's safe command lookup table.,(none),,,,,,,
Get-ADTConfig,Retrieves the configuration data for the ADT module.,(none),,,,,,,
Get-ADTDeferHistory,Get the history of deferrals in the registry for the current application.,(none),,,,,,,
Get-ADTEnvironment,Retrieves the environment data for the ADT module. This function has been replaced by [Get-ADTEnvironmentTable]. Please migrate your scripts as this will be removed in PSAppDeployToolkit 4.2.0.,(none),,,,,,,
Get-ADTEnvironmentTable,Retrieves the environment data for the ADT module.,(none),,,,,,,
Get-ADTEnvironmentVariable,Gets the value of the specified environment variable.,Variable,String,TRUE,FALSE,,__AllParameterSets,FALSE,The variable to get.
Get-ADTEnvironmentVariable,Gets the value of the specified environment variable.,Target,EnvironmentVariableTarget,FALSE,FALSE,,__AllParameterSets,FALSE,"The target of the variable to get. This can be the machine, user, or process."
Get-ADTExecutableInfo,Retrieves information about any valid Windows PE executable.,Path,String[],TRUE,FALSE,,Path,FALSE,One or more expandable executable paths to retrieve info from.
Get-ADTExecutableInfo,Retrieves information about any valid Windows PE executable.,LiteralPath,String[],TRUE,FALSE,PSPath,LiteralPath,FALSE,One or more literal executable paths to retrieve info from.
Get-ADTExecutableInfo,Retrieves information about any valid Windows PE executable.,InputObject,FileInfo,TRUE,FALSE,,InputObject,TRUE,A FileInfo object to retrieve executable info from. Available for pipelining.
Get-ADTFileVersion,Gets the version of the specified file.,File,FileInfo,TRUE,FALSE,,__AllParameterSets,FALSE,The path of the file.
Get-ADTFileVersion,Gets the version of the specified file.,ProductVersion,SwitchParameter,FALSE,TRUE,,__AllParameterSets,FALSE,Switch that makes the command return the file's ProductVersion instead of its FileVersion.
Get-ADTFreeDiskSpace,Retrieves the free disk space in MB on a particular drive (defaults to system drive).,Drive,DriveInfo,FALSE,FALSE,,__AllParameterSets,FALSE,The drive to check free disk space on.
Get-ADTIniSection,Parses an INI file and returns the specified section as an ordered hashtable of key value pairs.,FilePath,String,TRUE,FALSE,,__AllParameterSets,FALSE,Path to the INI file.
Get-ADTIniSection,Parses an INI file and returns the specified section as an ordered hashtable of key value pairs.,Section,String,TRUE,FALSE,,__AllParameterSets,FALSE,Section within the INI file.
Get-ADTIniValue,Parses an INI file and returns the value of the specified section and key.,FilePath,String,TRUE,FALSE,,__AllParameterSets,FALSE,Path to the INI file.
Get-ADTIniValue,Parses an INI file and returns the value of the specified section and key.,Section,String,TRUE,FALSE,,__AllParameterSets,FALSE,Section within the INI file.
Get-ADTIniValue,Parses an INI file and returns the value of the specified section and key.,Key,String,TRUE,FALSE,,__AllParameterSets,FALSE,Key within the section of the INI file.
Get-ADTLoggedOnUser,Retrieves session details for all local and RDP logged on users.,(none),,,,,,,
Get-ADTModuleCallback,Returns all callbacks from the nominated hooking point.,Hookpoint,CallbackType,TRUE,FALSE,,__AllParameterSets,FALSE,The hook point to return the callbacks for. Valid hookpoints are: * OnInit (The callback is executed before the module is initialized) * OnStart (The callback is executed before the first deployment session is opened) * PreOpen (The callback is executed before a deployment session is opened) * PostOpen (The callback is executed after a deployment session is opened) * PreClose (The callback is executed before the deployment session is closed) * PostClose (The callback is executed after the deployment session is closed) * OnFinish (The callback is executed before the last deployment session is closed) * OnExit (The callback is executed after the last deployment session is closed)
Get-ADTMsiExitCodeMessage,Get message for MSI exit code.,MsiExitCode,Nullable`1,TRUE,FALSE,,__AllParameterSets,FALSE,MSI exit code.
Get-ADTMsiTableProperty,Get all of the properties from a Windows Installer database table or the Summary Information stream and return as a custom object.,LiteralPath,String,TRUE,FALSE,"Path, PSPath",__AllParameterSets,FALSE,The fully qualified path to an database file. Supports .msi and .msp files.
Get-ADTMsiTableProperty,Get all of the properties from a Windows Installer database table or the Summary Information stream and return as a custom object.,TransformPath,String[],FALSE,FALSE,,__AllParameterSets,FALSE,The fully qualified path to a list of MST file(s) which should be applied to the MSI file.
Get-ADTMsiTableProperty,Get all of the properties from a Windows Installer database table or the Summary Information stream and return as a custom object.,Table,String,FALSE,FALSE,,TableInfo,FALSE,The name of the the MSI table from which all of the properties must be retrieved.
Get-ADTMsiTableProperty,Get all of the properties from a Windows Installer database table or the Summary Information stream and return as a custom object.,TablePropertyNameColumnNum,Int32,FALSE,FALSE,,TableInfo,FALSE,Specify the table column number which contains the name of the properties.
Get-ADTMsiTableProperty,Get all of the properties from a Windows Installer database table or the Summary Information stream and return as a custom object.,TablePropertyValueColumnNum,Int32,FALSE,FALSE,,TableInfo,FALSE,Specify the table column number which contains the value of the properties.
Get-ADTMsiTableProperty,Get all of the properties from a Windows Installer database table or the Summary Information stream and return as a custom object.,GetSummaryInformation,SwitchParameter,TRUE,TRUE,,SummaryInfo,FALSE,Retrieves the Summary Information for the Windows Installer database. Summary Information property descriptions: https://msdn.microsoft.com/en-us/library/aa372049(v=vs.85).aspx
Get-ADTObjectProperty,Get a property from any object.,InputObject,Object,TRUE,FALSE,,__AllParameterSets,FALSE,Specifies an object which has properties that can be retrieved.
Get-ADTObjectProperty,Get a property from any object.,PropertyName,String,TRUE,FALSE,,__AllParameterSets,FALSE,Specifies the name of a property to retrieve.
Get-ADTObjectProperty,Get a property from any object.,ArgumentList,Object[],FALSE,FALSE,,__AllParameterSets,FALSE,Argument to pass to the property being retrieved.
Get-ADTOperatingSystemInfo,Gets information about the current computer's operating system.,(none),,,,,,,
Get-ADTPEFileArchitecture,Determine if a PE file is a 32-bit or a 64-bit file.,Path,String[],TRUE,FALSE,,Path,FALSE,One or more expandable executable paths to retrieve info from.
Get-ADTPEFileArchitecture,Determine if a PE file is a 32-bit or a 64-bit file.,LiteralPath,String[],TRUE,FALSE,"PSPath, FilePath",LiteralPath,FALSE,One or more literal executable paths to retrieve info from.
Get-ADTPEFileArchitecture,Determine if a PE file is a 32-bit or a 64-bit file.,InputObject,FileInfo,TRUE,FALSE,,InputObject,TRUE,A FileInfo object to retrieve executable info from. Available for pipelining.
Get-ADTPEFileArchitecture,Determine if a PE file is a 32-bit or a 64-bit file.,PassThru,SwitchParameter,FALSE,TRUE,,__AllParameterSets,FALSE,"Get the file object, attach a property indicating the file binary type, and write to pipeline."
Get-ADTPendingReboot,Get the pending reboot status on a local computer.,(none),,,,,,,
Get-ADTPowerShellProcessPath,Retrieves the path to the PowerShell executable.,(none),,,,,,,
Get-ADTPresentationSettingsEnabledUsers,Tests whether any users have presentation mode enabled on their device.,(none),,,,,,,
Get-ADTRegistryKey,"Retrieves value names and value data for a specified registry key or optionally, a specific value.",Path,String,TRUE,FALSE,,Path,FALSE,"Path of the registry key, wildcards permitted."
Get-ADTRegistryKey,"Retrieves value names and value data for a specified registry key or optionally, a specific value.",LiteralPath,String,TRUE,FALSE,Key,LiteralPath,FALSE,Literal path of the registry key.
Get-ADTRegistryKey,"Retrieves value names and value data for a specified registry key or optionally, a specific value.",Name,String,FALSE,FALSE,,__AllParameterSets,FALSE,Value name to retrieve (optional).
Get-ADTRegistryKey,"Retrieves value names and value data for a specified registry key or optionally, a specific value.",Wow6432Node,SwitchParameter,FALSE,TRUE,,__AllParameterSets,FALSE,Specify this switch to read the 32-bit registry (Wow6432Node) on 64-bit systems.
Get-ADTRegistryKey,"Retrieves value names and value data for a specified registry key or optionally, a specific value.",SID,String,FALSE,FALSE,,__AllParameterSets,FALSE,The security identifier (SID) for a user. Specifying this parameter will convert a HKEY_CURRENT_USER registry key to the HKEY_USERS\$SID format. Specify this parameter from the Invoke-ADTAllUsersRegistryAction function to read/edit HKCU registry settings for all users on the system.
Get-ADTRegistryKey,"Retrieves value names and value data for a specified registry key or optionally, a specific value.",ReturnEmptyKeyIfExists,SwitchParameter,FALSE,TRUE,,__AllParameterSets,FALSE,Return the registry key if it exists but it has no property/value pairs underneath it.
Get-ADTRegistryKey,"Retrieves value names and value data for a specified registry key or optionally, a specific value.",DoNotExpandEnvironmentNames,SwitchParameter,FALSE,TRUE,,__AllParameterSets,FALSE,Return unexpanded REG_EXPAND_SZ values.
Get-ADTRunningProcesses,Gets the processes that are running from a list of process objects.,ProcessObjects,ProcessDefinition[],TRUE,FALSE,,__AllParameterSets,FALSE,One or more process objects to search for.
Get-ADTServiceStartMode,Retrieves the startup mode of a specified service.,Service,ServiceController,TRUE,FALSE,,__AllParameterSets,FALSE,Specify the service object to retrieve the startup mode for.
Get-ADTSession,Retrieves the most recent ADT session.,(none),,,,,,,
Get-ADTShortcut,Get information from a .lnk or .url type shortcut.,LiteralPath,String,TRUE,FALSE,"Path, PSPath",__AllParameterSets,FALSE,Path to the shortcut to get information from.
Get-ADTStringTable,Retrieves the string database from the ADT module.,(none),,,,,,,
Get-ADTUniversalDate,Returns the date/time for the local culture in a universal sortable date time pattern. This function has been deprecated and will be removed from PSAppDeployToolkit 4.2.0.,DateTime,String,FALSE,FALSE,,__AllParameterSets,FALSE,Specify the DateTime in the current culture.
Get-ADTUserNotificationState,Gets the specified user's notification state.,(none),,,,,,,
Get-ADTUserProfiles,"Get the User Profile Path, User Account SID, and the User Account Name for all users that log onto the machine and also the Default User.",FilterScript,ScriptBlock,TRUE,FALSE,,FilterScript,FALSE,Allows filtration of the returned result by any property in a UserProfile object.
Get-ADTUserProfiles,"Get the User Profile Path, User Account SID, and the User Account Name for all users that log onto the machine and also the Default User.",ExcludeNTAccount,NTAccount[],FALSE,FALSE,,All,FALSE,Specify NT account names in DOMAIN\username format to exclude from the list of user profiles.
Get-ADTUserProfiles,"Get the User Profile Path, User Account SID, and the User Account Name for all users that log onto the machine and also the Default User.",IncludeSystemProfiles,SwitchParameter,FALSE,TRUE,,All,FALSE,"Include system profiles: SYSTEM, LOCAL SERVICE, NETWORK SERVICE."
Get-ADTUserProfiles,"Get the User Profile Path, User Account SID, and the User Account Name for all users that log onto the machine and also the Default User.",IncludeServiceProfiles,SwitchParameter,FALSE,TRUE,,All,FALSE,Include service (NT SERVICE) profiles.
Get-ADTUserProfiles,"Get the User Profile Path, User Account SID, and the User Account Name for all users that log onto the machine and also the Default User.",IncludeIISAppPoolProfiles,SwitchParameter,FALSE,TRUE,,All,FALSE,Include IIS AppPool profiles. Excluded by default as they don't parse well.
Get-ADTUserProfiles,"Get the User Profile Path, User Account SID, and the User Account Name for all users that log onto the machine and also the Default User.",ExcludeDefaultUser,SwitchParameter,FALSE,TRUE,,All,FALSE,Exclude the Default User.
Get-ADTUserProfiles,"Get the User Profile Path, User Account SID, and the User Account Name for all users that log onto the machine and also the Default User.",LoadProfilePaths,SwitchParameter,FALSE,TRUE,,__AllParameterSets,FALSE,Load additional profile paths for each user profile.
Get-ADTWindowTitle,Search for an open window title and return details about the window.,WindowTitle,String[],FALSE,FALSE,,__AllParameterSets,FALSE,One or more titles of the application window to search for using regex matching.
Get-ADTWindowTitle,Search for an open window title and return details about the window.,WindowHandle,IntPtr[],FALSE,FALSE,,__AllParameterSets,FALSE,One or more window handles of the application window to search for.
Get-ADTWindowTitle,Search for an open window title and return details about the window.,ParentProcess,String[],FALSE,FALSE,,__AllParameterSets,FALSE,One or more process names of the application window to search for.
Initialize-ADTFunction,Initializes the ADT function environment.,Cmdlet,PSCmdlet,TRUE,FALSE,,__AllParameterSets,FALSE,The cmdlet that is being initialized.
Initialize-ADTFunction,Initializes the ADT function environment.,SessionState,SessionState,FALSE,FALSE,,__AllParameterSets,FALSE,The session state of the cmdlet.
Initialize-ADTModule,Initializes the ADT module by setting up necessary configurations and environment.,ScriptDirectory,String[],FALSE,FALSE,,__AllParameterSets,FALSE,An override directory to use for config and string loading.
Initialize-ADTModule,Initializes the ADT module by setting up necessary configurations and environment.,AdditionalEnvironmentVariables,IDictionary,FALSE,FALSE,,__AllParameterSets,FALSE,A dictionary of key/value pairs to inject into the generated environment table.
Install-ADTMSUpdates,Install all Microsoft Updates in a given directory. This function has been deprecated and will be removed from PSAppDeployToolkit 4.2.0.,Directory,String,TRUE,FALSE,,__AllParameterSets,FALSE,Directory containing the updates.
Install-ADTSCCMSoftwareUpdates,Scans for outstanding SCCM updates to be installed and installs the pending updates.,SoftwareUpdatesScanWaitInSeconds,Nullable`1,FALSE,FALSE,,__AllParameterSets,FALSE,The amount of time to wait in seconds for the software updates scan to complete.
Install-ADTSCCMSoftwareUpdates,Scans for outstanding SCCM updates to be installed and installs the pending updates.,WaitForPendingUpdatesTimeout,TimeSpan,FALSE,FALSE,,__AllParameterSets,FALSE,The amount of time to wait for missing and pending updates to install before exiting the function.
Invoke-ADTAllUsersRegistryAction,Set current user registry settings for all current users and any new users in the future.,ScriptBlock,ScriptBlock[],TRUE,FALSE,,__AllParameterSets,FALSE,Script block which contains HKCU registry actions to be run for all users on the system.
Invoke-ADTAllUsersRegistryAction,Set current user registry settings for all current users and any new users in the future.,UserProfiles,UserProfile[],FALSE,FALSE,,__AllParameterSets,FALSE,Specify the user profiles to modify HKCU registry settings for. Default is all user profiles except for system profiles.
Invoke-ADTAllUsersRegistryAction,Set current user registry settings for all current users and any new users in the future.,SkipUnloadedProfiles,SwitchParameter,FALSE,TRUE,,__AllParameterSets,FALSE,Specifies that unloaded registry hives should be skipped and not be loaded by the function.
Invoke-ADTCommandWithRetries,Drop-in replacement for any cmdlet/function where a retry is desirable due to transient issues.,Command,Object,TRUE,FALSE,,__AllParameterSets,FALSE,The name of the command to invoke.
Invoke-ADTCommandWithRetries,Drop-in replacement for any cmdlet/function where a retry is desirable due to transient issues.,Retries,Nullable`1,FALSE,FALSE,,__AllParameterSets,FALSE,How many retries to perform before throwing.
Invoke-ADTCommandWithRetries,Drop-in replacement for any cmdlet/function where a retry is desirable due to transient issues.,SleepDuration,TimeSpan,FALSE,FALSE,,__AllParameterSets,FALSE,How long to sleep between retries.
Invoke-ADTCommandWithRetries,Drop-in replacement for any cmdlet/function where a retry is desirable due to transient issues.,MaximumElapsedTime,TimeSpan,FALSE,FALSE,,__AllParameterSets,FALSE,"The maximum elapsed time allowed to passed while attempting retries. If the maximum elapsted time has passed and there are still attempts remaining they will be disgarded. If this parameter is supplied and the `-Retries` parameter isn't, this command will continue to retry the provided command until the time limit runs out."
Invoke-ADTCommandWithRetries,Drop-in replacement for any cmdlet/function where a retry is desirable due to transient issues.,SleepSeconds,UInt32,FALSE,FALSE,,__AllParameterSets,FALSE,This parameter is obsolete and will be removed in PSAppDeployToolkit 4.2.0. Please use `-SleepDuration` instead.
Invoke-ADTCommandWithRetries,Drop-in replacement for any cmdlet/function where a retry is desirable due to transient issues.,Parameters,IReadOnlyList`1,FALSE,FALSE,,__AllParameterSets,FALSE,"A 'ValueFromRemainingArguments' parameter to collect the parameters as would be passed to the provided Command. While values can be directly provided to this parameter, it's not designed to be explicitly called."
Invoke-ADTFunctionErrorHandler,Handles errors within ADT functions by logging and optionally passing through the error.,Cmdlet,PSCmdlet,TRUE,FALSE,,__AllParameterSets,FALSE,The cmdlet that is calling this function.
Invoke-ADTFunctionErrorHandler,Handles errors within ADT functions by logging and optionally passing through the error.,SessionState,SessionState,TRUE,FALSE,,__AllParameterSets,FALSE,The session state of the calling cmdlet.
Invoke-ADTFunctionErrorHandler,Handles errors within ADT functions by logging and optionally passing through the error.,ErrorRecord,ErrorRecord,TRUE,FALSE,,__AllParameterSets,FALSE,The error record to handle.
Invoke-ADTFunctionErrorHandler,Handles errors within ADT functions by logging and optionally passing through the error.,LogMessage,String,FALSE,FALSE,,"AdditionalResolveErrorProperties, DisableErrorResolving, None, ResolveErrorProperties",FALSE,The error message to write to the active ADTSession's log file.
Invoke-ADTFunctionErrorHandler,Handles errors within ADT functions by logging and optionally passing through the error.,ResolveErrorProperties,String[],TRUE,FALSE,,ResolveErrorProperties,FALSE,"If specified, the specific ErrorRecord properties to print during resolution."
Invoke-ADTFunctionErrorHandler,Handles errors within ADT functions by logging and optionally passing through the error.,AdditionalResolveErrorProperties,String[],TRUE,FALSE,,AdditionalResolveErrorProperties,FALSE,"If specified, a list of additional ErrorRecord properties to print during resolution."
Invoke-ADTFunctionErrorHandler,Handles errors within ADT functions by logging and optionally passing through the error.,DisableErrorResolving,SwitchParameter,TRUE,TRUE,,DisableErrorResolving,FALSE,"If specified, the function will not append the resolved error record to the log message."
Invoke-ADTFunctionErrorHandler,Handles errors within ADT functions by logging and optionally passing through the error.,Silent,SwitchParameter,TRUE,TRUE,,Silent,FALSE,"If specified, doesn't write anything to the log and just handles the ErrorRecord itself."
Invoke-ADTObjectMethod,Invoke method on any object.,InputObject,Object,TRUE,FALSE,,__AllParameterSets,FALSE,Specifies an object which has methods that can be invoked.
Invoke-ADTObjectMethod,Invoke method on any object.,MethodName,String,TRUE,FALSE,,__AllParameterSets,FALSE,Specifies the name of a method to invoke.
Invoke-ADTObjectMethod,Invoke method on any object.,ArgumentList,Object[],FALSE,FALSE,,Positional,FALSE,Argument to pass to the method being executed. Allows execution of method without specifying named parameters.
Invoke-ADTObjectMethod,Invoke method on any object.,Parameter,Hashtable,TRUE,FALSE,,Named,FALSE,Argument to pass to the method being executed. Allows execution of method by using named parameters.
Invoke-ADTRegSvr32,Register or unregister a DLL file.,FilePath,String,TRUE,FALSE,,__AllParameterSets,FALSE,Path to the DLL file.
Invoke-ADTRegSvr32,Register or unregister a DLL file.,Action,String,TRUE,FALSE,,__AllParameterSets,FALSE,Specify whether to register or unregister the DLL.
Invoke-ADTSCCMTask,Triggers SCCM to invoke the requested schedule task ID.,ScheduleId,TriggerScheduleId,TRUE,FALSE,,__AllParameterSets,FALSE,Name of the Schedule Id to trigger.
Mount-ADTWimFile,Mounts a WIM file to a specified directory.,ImagePath,FileInfo,TRUE,FALSE,,"Index, Name",FALSE,Path to the WIM file to be mounted.
Mount-ADTWimFile,Mounts a WIM file to a specified directory.,Path,DirectoryInfo,TRUE,FALSE,,"Index, Name",FALSE,"Directory where the WIM file will be mounted. The directory either must not exist, or must be empty and not have a pre-existing WIM mounted."
Mount-ADTWimFile,Mounts a WIM file to a specified directory.,Index,Nullable`1,TRUE,FALSE,,Index,FALSE,Index of the image within the WIM file to be mounted.
Mount-ADTWimFile,Mounts a WIM file to a specified directory.,Name,String,TRUE,FALSE,,Name,FALSE,Name of the image within the WIM file to be mounted.
Mount-ADTWimFile,Mounts a WIM file to a specified directory.,Force,SwitchParameter,FALSE,TRUE,,"Index, Name",FALSE,Forces the removal of the existing directory if it is not empty.
Mount-ADTWimFile,Mounts a WIM file to a specified directory.,PassThru,SwitchParameter,FALSE,TRUE,,"Index, Name",FALSE,"If specified, the function will return the results from `Mount-WindowsImage`."
New-ADTErrorRecord,Creates a new ErrorRecord object.,Exception,Exception,TRUE,FALSE,,__AllParameterSets,FALSE,The exception object that caused the error.
New-ADTErrorRecord,Creates a new ErrorRecord object.,Category,ErrorCategory,TRUE,FALSE,,__AllParameterSets,FALSE,The category of the error.
New-ADTErrorRecord,Creates a new ErrorRecord object.,ErrorId,String,FALSE,FALSE,,__AllParameterSets,FALSE,The identifier for the error. Default is 'NotSpecified'.
New-ADTErrorRecord,Creates a new ErrorRecord object.,TargetObject,Object,FALSE,FALSE,,__AllParameterSets,FALSE,The target object that the error is related to.
New-ADTErrorRecord,Creates a new ErrorRecord object.,TargetName,String,FALSE,FALSE,,__AllParameterSets,FALSE,The name of the target that the error is related to.
New-ADTErrorRecord,Creates a new ErrorRecord object.,TargetType,String,FALSE,FALSE,,__AllParameterSets,FALSE,The type of the target that the error is related to.
New-ADTErrorRecord,Creates a new ErrorRecord object.,Activity,String,FALSE,FALSE,,__AllParameterSets,FALSE,The activity that was being performed when the error occurred.
New-ADTErrorRecord,Creates a new ErrorRecord object.,Reason,String,FALSE,FALSE,,__AllParameterSets,FALSE,The reason for the error.
New-ADTErrorRecord,Creates a new ErrorRecord object.,RecommendedAction,String,FALSE,FALSE,,__AllParameterSets,FALSE,The recommended action to resolve the error.
New-ADTFolder,Create a new folder.,LiteralPath,String,TRUE,FALSE,"Path, PSPath",__AllParameterSets,FALSE,Path to the new folder to create.
New-ADTMsiTransform,Create a transform file for an MSI database.,MsiPath,String,TRUE,FALSE,,__AllParameterSets,FALSE,Specify the path to an MSI file.
New-ADTMsiTransform,Create a transform file for an MSI database.,ApplyTransformPath,String,FALSE,FALSE,,__AllParameterSets,FALSE,Specify the path to a transform which should be applied to the MSI database before any new properties are created or modified.
New-ADTMsiTransform,Create a transform file for an MSI database.,NewTransformPath,String,FALSE,FALSE,,__AllParameterSets,FALSE,"Specify the path where the new transform file with the desired properties will be created. If a transform file of the same name already exists, it will be deleted before a new one is created."
New-ADTMsiTransform,Create a transform file for an MSI database.,TransformProperties,Hashtable,TRUE,FALSE,,__AllParameterSets,FALSE,Hashtable which contains calls to `Set-ADTMsiProperty` for configuring the desired properties which should be included in the new transform file. Example hashtable: `@{ ALLUSERS = 1 }`
New-ADTShortcut,Creates a new .lnk or .url type shortcut.,LiteralPath,String,TRUE,FALSE,"Path, PSPath",__AllParameterSets,FALSE,Path to save the shortcut.
New-ADTShortcut,Creates a new .lnk or .url type shortcut.,TargetPath,String,TRUE,FALSE,,__AllParameterSets,FALSE,Target path or URL that the shortcut launches.
New-ADTShortcut,Creates a new .lnk or .url type shortcut.,Arguments,String,FALSE,FALSE,,__AllParameterSets,FALSE,Arguments to be passed to the target path.
New-ADTShortcut,Creates a new .lnk or .url type shortcut.,IconLocation,String,FALSE,FALSE,,__AllParameterSets,FALSE,Location of the icon used for the shortcut.
New-ADTShortcut,Creates a new .lnk or .url type shortcut.,IconIndex,Nullable`1,FALSE,FALSE,,__AllParameterSets,FALSE,"The index of the icon. Executables, DLLs, ICO files with multiple icons need the icon index to be specified. This parameter is an Integer. The first index is 0."
New-ADTShortcut,Creates a new .lnk or .url type shortcut.,Description,String,FALSE,FALSE,,__AllParameterSets,FALSE,Description of the shortcut.
New-ADTShortcut,Creates a new .lnk or .url type shortcut.,WorkingDirectory,String,FALSE,FALSE,,__AllParameterSets,FALSE,Working Directory to be used for the target path.
New-ADTShortcut,Creates a new .lnk or .url type shortcut.,WindowStyle,String,FALSE,FALSE,,__AllParameterSets,FALSE,"Windows style of the application. Options: Normal, Maximized, Minimized."
New-ADTShortcut,Creates a new .lnk or .url type shortcut.,RunAsAdmin,SwitchParameter,FALSE,TRUE,,__AllParameterSets,FALSE,Set shortcut to run program as administrator. This option will prompt user to elevate when executing shortcut.
New-ADTShortcut,Creates a new .lnk or .url type shortcut.,Hotkey,String,FALSE,FALSE,,__AllParameterSets,FALSE,"Create a Hotkey to launch the shortcut, e.g. ""CTRL+SHIFT+F""."
New-ADTTemplate,"Creates a new folder containing a template front end and module folder, ready to customise.",Destination,String,FALSE,FALSE,,__AllParameterSets,FALSE,Path where the new folder should be created. Default is the current working directory.
New-ADTTemplate,"Creates a new folder containing a template front end and module folder, ready to customise.",Name,String,FALSE,FALSE,,__AllParameterSets,FALSE,Name of the newly created folder. Default is PSAppDeployToolkit_Version.
New-ADTTemplate,"Creates a new folder containing a template front end and module folder, ready to customise.",Version,Int32,FALSE,FALSE,,__AllParameterSets,FALSE,Defaults to 4 for the standard v4 template. Use 3 for the v3 compatibility mode template.
New-ADTTemplate,"Creates a new folder containing a template front end and module folder, ready to customise.",Show,SwitchParameter,FALSE,TRUE,,__AllParameterSets,FALSE,Opens the newly created folder in Windows Explorer.
New-ADTTemplate,"Creates a new folder containing a template front end and module folder, ready to customise.",Force,SwitchParameter,FALSE,TRUE,,__AllParameterSets,FALSE,"If the destination folder already exists, this switch will force the creation of the new folder."
New-ADTTemplate,"Creates a new folder containing a template front end and module folder, ready to customise.",PassThru,SwitchParameter,FALSE,TRUE,,__AllParameterSets,FALSE,Returns the newly created folder object.
New-ADTValidateScriptErrorRecord,Creates a new ErrorRecord for script validation errors.,ParameterName,String,TRUE,FALSE,,__AllParameterSets,FALSE,The name of the parameter that caused the validation error.
New-ADTValidateScriptErrorRecord,Creates a new ErrorRecord for script validation errors.,ProvidedValue,Object,TRUE,FALSE,,__AllParameterSets,FALSE,The value provided for the parameter that caused the validation error.
New-ADTValidateScriptErrorRecord,Creates a new ErrorRecord for script validation errors.,ExceptionMessage,String,TRUE,FALSE,,__AllParameterSets,FALSE,The message describing the validation error.
New-ADTValidateScriptErrorRecord,Creates a new ErrorRecord for script validation errors.,InnerException,Exception,FALSE,FALSE,,__AllParameterSets,FALSE,An optional inner exception that provides more details about the validation error.
New-ADTZipFile,Create a new zip archive or add content to an existing archive.,Path,String[],TRUE,FALSE,,Path,FALSE,One or more paths to compress. Supports wildcards.
New-ADTZipFile,Create a new zip archive or add content to an existing archive.,LiteralPath,String[],TRUE,FALSE,PSPath,LiteralPath,FALSE,One or more literal paths to compress.
New-ADTZipFile,Create a new zip archive or add content to an existing archive.,DestinationPath,String,TRUE,FALSE,,"LiteralPath, Path",FALSE,The file path for where the zip file should be created.
New-ADTZipFile,Create a new zip archive or add content to an existing archive.,CompressionLevel,String,FALSE,FALSE,,"LiteralPath, Path",FALSE,The level of compression to apply to the zip file.
New-ADTZipFile,Create a new zip archive or add content to an existing archive.,Update,SwitchParameter,FALSE,TRUE,,"LiteralPath, Path",FALSE,Specifies whether to update an existing zip file or not.
New-ADTZipFile,Create a new zip archive or add content to an existing archive.,Force,SwitchParameter,FALSE,TRUE,,"LiteralPath, Path",FALSE,Specifies whether an existing zip file should be overwritten.
New-ADTZipFile,Create a new zip archive or add content to an existing archive.,RemoveSourceAfterArchiving,SwitchParameter,FALSE,TRUE,,"LiteralPath, Path",FALSE,Remove the source path after successfully archiving the content.
Open-ADTSession,Opens a new ADT session.,SessionState,SessionState,FALSE,FALSE,,__AllParameterSets,FALSE,"Defaults to $PSCmdlet.SessionState to get the caller's SessionState, so only required if you need to override this."
Open-ADTSession,Opens a new ADT session.,DeploymentType,DeploymentType,FALSE,FALSE,,__AllParameterSets,FALSE,"Specifies the type of deployment: Install, Uninstall, or Repair."
Open-ADTSession,Opens a new ADT session.,DeployMode,DeployMode,FALSE,FALSE,,__AllParameterSets,FALSE,"Specifies the deployment mode: Interactive, NonInteractive, or Silent."
Open-ADTSession,Opens a new ADT session.,SuppressRebootPassThru,SwitchParameter,FALSE,TRUE,,__AllParameterSets,FALSE,Suppresses reboot pass-through.
Open-ADTSession,Opens a new ADT session.,TerminalServerMode,SwitchParameter,FALSE,TRUE,,__AllParameterSets,FALSE,Enables Terminal Server mode.
Open-ADTSession,Opens a new ADT session.,DisableLogging,SwitchParameter,FALSE,TRUE,,__AllParameterSets,FALSE,Disables logging for the session.
Open-ADTSession,Opens a new ADT session.,AppVendor,String,FALSE,FALSE,,__AllParameterSets,FALSE,Specifies the application vendor.
Open-ADTSession,Opens a new ADT session.,AppName,String,FALSE,FALSE,,__AllParameterSets,FALSE,Specifies the application name.
Open-ADTSession,Opens a new ADT session.,AppVersion,String,FALSE,FALSE,,__AllParameterSets,FALSE,Specifies the application version.
Open-ADTSession,Opens a new ADT session.,AppArch,String,FALSE,FALSE,,__AllParameterSets,FALSE,Specifies the application architecture.
Open-ADTSession,Opens a new ADT session.,AppLang,String,FALSE,FALSE,,__AllParameterSets,FALSE,Specifies the application language.
Open-ADTSession,Opens a new ADT session.,AppRevision,String,FALSE,FALSE,,__AllParameterSets,FALSE,Specifies the application revision.
Open-ADTSession,Opens a new ADT session.,AppScriptVersion,Version,FALSE,FALSE,,__AllParameterSets,FALSE,Specifies the application script version.
Open-ADTSession,Opens a new ADT session.,AppScriptDate,DateTime,FALSE,FALSE,,__AllParameterSets,FALSE,Specifies the application script date.
Open-ADTSession,Opens a new ADT session.,AppScriptAuthor,String,FALSE,FALSE,,__AllParameterSets,FALSE,Specifies the application script author.
Open-ADTSession,Opens a new ADT session.,InstallName,String,FALSE,FALSE,,__AllParameterSets,FALSE,Specifies the install name.
Open-ADTSession,Opens a new ADT session.,InstallTitle,String,FALSE,FALSE,,__AllParameterSets,FALSE,Specifies the install title.
Open-ADTSession,Opens a new ADT session.,DeployAppScriptFriendlyName,String,FALSE,FALSE,,__AllParameterSets,FALSE,Specifies the friendly name of the deploy application script.
Open-ADTSession,Opens a new ADT session.,DeployAppScriptVersion,Version,FALSE,FALSE,,__AllParameterSets,FALSE,Specifies the version of the deploy application script.
Open-ADTSession,Opens a new ADT session.,DeployAppScriptParameters,IReadOnlyDictionary`2,FALSE,FALSE,,__AllParameterSets,FALSE,Specifies the parameters for the deploy application script.
Open-ADTSession,Opens a new ADT session.,AppSuccessExitCodes,Int32[],FALSE,FALSE,,__AllParameterSets,FALSE,Specifies the application exit codes.
Open-ADTSession,Opens a new ADT session.,AppRebootExitCodes,Int32[],FALSE,FALSE,,__AllParameterSets,FALSE,Specifies the application reboot codes.
Open-ADTSession,Opens a new ADT session.,AppProcessesToClose,ProcessDefinition[],FALSE,FALSE,,__AllParameterSets,FALSE,Specifies one or more processes that require closing to ensure a successful deployment.
Open-ADTSession,Opens a new ADT session.,RequireAdmin,SwitchParameter,FALSE,TRUE,,__AllParameterSets,FALSE,Specifies that this deployment requires administrative permissions.
Open-ADTSession,Opens a new ADT session.,ScriptDirectory,String[],FALSE,FALSE,,__AllParameterSets,FALSE,Specifies the base path for Files and SupportFiles.
Open-ADTSession,Opens a new ADT session.,DirFiles,String,FALSE,FALSE,,__AllParameterSets,FALSE,Specifies the override path to Files.
Open-ADTSession,Opens a new ADT session.,DirSupportFiles,String,FALSE,FALSE,,__AllParameterSets,FALSE,Specifies the override path to SupportFiles.
Open-ADTSession,Opens a new ADT session.,DefaultMsiFile,String,FALSE,FALSE,,__AllParameterSets,FALSE,Specifies the default MSI file.
Open-ADTSession,Opens a new ADT session.,DefaultMstFile,String,FALSE,FALSE,,__AllParameterSets,FALSE,Specifies the default MST file.
Open-ADTSession,Opens a new ADT session.,DefaultMspFiles,String[],FALSE,FALSE,,__AllParameterSets,FALSE,Specifies the default MSP files.
Open-ADTSession,Opens a new ADT session.,DisableDefaultMsiProcessList,SwitchParameter,FALSE,TRUE,,__AllParameterSets,FALSE,Specifies that the zero-config MSI code should not gather process names from the MSI file.
Open-ADTSession,Opens a new ADT session.,ForceMsiDetection,SwitchParameter,FALSE,TRUE,,__AllParameterSets,FALSE,"Specifies that MSI files should be detected and parsed during session initialization, irrespective of whether any App values are provided."
Open-ADTSession,Opens a new ADT session.,ForceWimDetection,SwitchParameter,FALSE,TRUE,,__AllParameterSets,FALSE,"Specifies that WIM files should be detected and mounted during session initialization, irrespective of whether any App values are provided."
Open-ADTSession,Opens a new ADT session.,NoSessionDetection,SwitchParameter,FALSE,TRUE,,__AllParameterSets,FALSE,"When DeployMode is not specified or is Auto, bypasses DeployMode adjustment when there's no logged on user session available."
Open-ADTSession,Opens a new ADT session.,NoOobeDetection,SwitchParameter,FALSE,TRUE,,__AllParameterSets,FALSE,"When DeployMode is not specified or is Auto, bypasses DeployMode adjustment when the device hasn't completed the OOBE or a user ESP is active."
Open-ADTSession,Opens a new ADT session.,NoProcessDetection,SwitchParameter,FALSE,TRUE,,__AllParameterSets,FALSE,"When DeployMode is not specified or is Auto, bypasses DeployMode adjustment when there's no processes to close in the specified AppProcessesToClose list."
Open-ADTSession,Opens a new ADT session.,PassThru,SwitchParameter,FALSE,TRUE,,__AllParameterSets,FALSE,Passes the session object through the pipeline.
Open-ADTSession,Opens a new ADT session.,LogName,String,FALSE,FALSE,,__AllParameterSets,FALSE,Specifies an override for the default-generated log file name.
Open-ADTSession,Opens a new ADT session.,SessionClass,Type,FALSE,FALSE,,__AllParameterSets,FALSE,Specifies an override for PSADT.Module.DeploymentSession class. Use this if you're deriving a class inheriting off PSAppDeployToolkit's base.
Open-ADTSession,Opens a new ADT session.,UnboundArguments,IReadOnlyList`1,FALSE,FALSE,,__AllParameterSets,FALSE,Captures any additional arguments passed to the function.
Out-ADTPowerShellEncodedCommand,Encodes a PowerShell command into a Base64 string.,Command,String,TRUE,FALSE,,__AllParameterSets,FALSE,The PowerShell command to be encoded.
Register-ADTDll,Register a DLL file.,FilePath,String,TRUE,FALSE,,__AllParameterSets,FALSE,Path to the DLL file.
Remove-ADTContentFromCache,Removes the toolkit content from the cache folder on the local machine and reverts the $adtSession.DirFiles and $adtSession.SupportFiles directory.,LiteralPath,String,FALSE,FALSE,"Path, PSPath",__AllParameterSets,FALSE,The path to the software cache folder.
Remove-ADTEdgeExtension,Removes an extension for Microsoft Edge using the ExtensionSettings policy.,ExtensionID,String,TRUE,FALSE,,__AllParameterSets,FALSE,The ID of the extension to remove.
Remove-ADTEnvironmentVariable,Removes the specified environment variable.,Variable,String,TRUE,FALSE,,__AllParameterSets,FALSE,The variable to remove.
Remove-ADTEnvironmentVariable,Removes the specified environment variable.,Target,EnvironmentVariableTarget,FALSE,FALSE,,__AllParameterSets,FALSE,"The target of the variable to remove. This can be the machine, user, or process."
Remove-ADTFile,Removes one or more items from a given path on the filesystem.,Path,String[],TRUE,FALSE,,Path,FALSE,Specifies the file on the filesystem to be removed. The value of Path will accept wildcards. Will accept an array of values.
Remove-ADTFile,Removes one or more items from a given path on the filesystem.,LiteralPath,String[],TRUE,FALSE,PSPath,LiteralPath,FALSE,Specifies the file on the filesystem to be removed. The value of LiteralPath is used exactly as it is typed; no characters are interpreted as wildcards. Will accept an array of values.
Remove-ADTFile,Removes one or more items from a given path on the filesystem.,Recurse,SwitchParameter,FALSE,TRUE,,__AllParameterSets,FALSE,Deletes the files in the specified location(s) and in all child items of the location(s).
Remove-ADTFileFromUserProfiles,Removes one or more items from each user profile on the system.,Path,String[],TRUE,FALSE,,Path,FALSE,Specifies the path to append to the root of the user profile to be resolved. The value of Path will accept wildcards. Will accept an array of values.
Remove-ADTFileFromUserProfiles,Removes one or more items from each user profile on the system.,LiteralPath,String[],TRUE,FALSE,PSPath,LiteralPath,FALSE,Specifies the path to append to the root of the user profile to be resolved. The value of LiteralPath is used exactly as it is typed; no characters are interpreted as wildcards. Will accept an array of values.
Remove-ADTFileFromUserProfiles,Removes one or more items from each user profile on the system.,Recurse,SwitchParameter,FALSE,TRUE,,__AllParameterSets,FALSE,Deletes the files in the specified location(s) and in all child items of the location(s).
Remove-ADTFileFromUserProfiles,Removes one or more items from each user profile on the system.,ExcludeNTAccount,String[],FALSE,FALSE,,__AllParameterSets,FALSE,Specify NT account names in Domain\Username format to exclude from the list of user profiles.
Remove-ADTFileFromUserProfiles,Removes one or more items from each user profile on the system.,ExcludeDefaultUser,SwitchParameter,FALSE,TRUE,,__AllParameterSets,FALSE,Exclude the Default User.
Remove-ADTFileFromUserProfiles,Removes one or more items from each user profile on the system.,IncludeSystemProfiles,SwitchParameter,FALSE,TRUE,,__AllParameterSets,FALSE,"Include system profiles: SYSTEM, LOCAL SERVICE, NETWORK SERVICE."
Remove-ADTFileFromUserProfiles,Removes one or more items from each user profile on the system.,IncludeServiceProfiles,SwitchParameter,FALSE,TRUE,,__AllParameterSets,FALSE,Include service profiles where NTAccount begins with NT SERVICE.
Remove-ADTFolder,Remove folder and files if they exist.,Path,String[],TRUE,FALSE,,Path,FALSE,A path to the folder to remove. Can contain wildcards.
Remove-ADTFolder,Remove folder and files if they exist.,LiteralPath,String[],TRUE,FALSE,PSPath,LiteralPath,FALSE,A literal path to the folder to remove.
Remove-ADTFolder,Remove folder and files if they exist.,InputObject,DirectoryInfo,TRUE,FALSE,,InputObject,TRUE,A DirectoryInfo object to remove. Available for pipelining.
Remove-ADTFolder,Remove folder and files if they exist.,DisableRecursion,SwitchParameter,FALSE,TRUE,,__AllParameterSets,FALSE,Disables recursion while deleting.
Remove-ADTHashtableNullOrEmptyValues,Removes any key/value pairs from the supplied hashtable where the value is null.,Hashtable,Hashtable,TRUE,FALSE,,__AllParameterSets,FALSE,The hashtable to remove null values from.
Remove-ADTIniSection,Opens an INI file and removes the specified section.,FilePath,String,TRUE,FALSE,,__AllParameterSets,FALSE,Path to the INI file.
Remove-ADTIniSection,Opens an INI file and removes the specified section.,Section,String,TRUE,FALSE,,__AllParameterSets,FALSE,Section within the INI file.
Remove-ADTIniValue,Opens an INI file and removes the specified key or section.,FilePath,String,TRUE,FALSE,,__AllParameterSets,FALSE,Path to the INI file.
Remove-ADTIniValue,Opens an INI file and removes the specified key or section.,Section,String,TRUE,FALSE,,__AllParameterSets,FALSE,Section within the INI file.
Remove-ADTIniValue,Opens an INI file and removes the specified key or section.,Key,String,FALSE,FALSE,,__AllParameterSets,FALSE,Key within the section of the INI file.
Remove-ADTInvalidFileNameChars,Remove invalid characters from the supplied string.,Name,String,TRUE,FALSE,,__AllParameterSets,TRUE,Text to remove invalid filename characters from.
Remove-ADTModuleCallback,Removes a callback function from the nominated hooking point.,Hookpoint,CallbackType,TRUE,FALSE,,__AllParameterSets,FALSE,Where you wish for the callback to be removed from.
Remove-ADTModuleCallback,Removes a callback function from the nominated hooking point.,Callback,CommandInfo[],TRUE,FALSE,,__AllParameterSets,FALSE,The callback function to remove from the nominated hooking point.
Remove-ADTRegistryKey,Deletes the specified registry key or value.,Path,String,TRUE,FALSE,,Path,FALSE,"Path of the registry key to delete, wildcards permitted."
Remove-ADTRegistryKey,Deletes the specified registry key or value.,LiteralPath,String,TRUE,FALSE,Key,LiteralPath,FALSE,Literal path of the registry key to delete.
Remove-ADTRegistryKey,Deletes the specified registry key or value.,Name,String,FALSE,FALSE,,__AllParameterSets,FALSE,Name of the registry value to delete.
Remove-ADTRegistryKey,Deletes the specified registry key or value.,Wow6432Node,SwitchParameter,FALSE,TRUE,,__AllParameterSets,FALSE,Specify this switch to read the 32-bit registry (Wow6432Node) on 64-bit systems.
Remove-ADTRegistryKey,Deletes the specified registry key or value.,Recurse,SwitchParameter,FALSE,TRUE,,__AllParameterSets,FALSE,Delete registry key recursively.
Remove-ADTRegistryKey,Deletes the specified registry key or value.,SID,String,FALSE,FALSE,,__AllParameterSets,FALSE,The security identifier (SID) for a user. Specifying this parameter will convert a HKEY_CURRENT_USER registry key to the HKEY_USERS\$SID format. Specify this parameter from the Invoke-ADTAllUsersRegistryAction function to read/edit HKCU registry settings for all users on the system.
Reset-ADTDeferHistory,Reset the history of deferrals in the registry for the current application.,(none),,,,,,,
Resolve-ADTErrorRecord,Enumerates ErrorRecord details.,ErrorRecord,ErrorRecord,TRUE,FALSE,,__AllParameterSets,TRUE,"The ErrorRecord to resolve. For usage in a catch block, you'd use the automatic variable `$PSItem`. For usage out of a catch block, you can access the global $Error array's first error (on index 0)."
Resolve-ADTErrorRecord,Enumerates ErrorRecord details.,Property,String[],FALSE,FALSE,,__AllParameterSets,FALSE,"The list of properties to display from the ErrorRecord. Use ""*"" to display all properties."
Resolve-ADTErrorRecord,Enumerates ErrorRecord details.,ExcludeErrorRecord,SwitchParameter,FALSE,TRUE,,__AllParameterSets,FALSE,Exclude ErrorRecord details as represented by $ErrorRecord.
Resolve-ADTErrorRecord,Enumerates ErrorRecord details.,ExcludeErrorInvocation,SwitchParameter,FALSE,TRUE,,__AllParameterSets,FALSE,Exclude ErrorRecord invocation information as represented by $ErrorRecord.InvocationInfo.
Resolve-ADTErrorRecord,Enumerates ErrorRecord details.,ExcludeErrorException,SwitchParameter,FALSE,TRUE,,__AllParameterSets,FALSE,Exclude ErrorRecord exception details as represented by $ErrorRecord.Exception.
Resolve-ADTErrorRecord,Enumerates ErrorRecord details.,IncludeErrorInnerException,SwitchParameter,FALSE,TRUE,,__AllParameterSets,FALSE,Includes further ErrorRecord inner exception details as represented by $ErrorRecord.Exception.InnerException. Will retrieve all inner exceptions if there is more than one.
Send-ADTKeys,Send a sequence of keys to one or more application windows.,WindowTitle,String,TRUE,FALSE,,WindowTitle,FALSE,The title of the application window to search for using regex matching.
Send-ADTKeys,Send a sequence of keys to one or more application windows.,WindowHandle,IntPtr,TRUE,FALSE,,WindowHandle,FALSE,Send keys to a specific window where the Window Handle is already known.
Send-ADTKeys,Send a sequence of keys to one or more application windows.,Keys,String,TRUE,FALSE,,"WindowHandle, WindowTitle",FALSE,The sequence of keys to send. Info on Key input at: http://msdn.microsoft.com/en-us/library/System.Windows.Forms.SendKeys(v=vs.100).aspx
Send-ADTKeys,Send a sequence of keys to one or more application windows.,WaitSeconds,Nullable`1,FALSE,FALSE,,"WindowHandle, WindowTitle",FALSE,This parameter is obsolete and will be removed in PSAppDeployToolkit 4.2.0. Please use `-WaitDuration` instead.
Send-ADTKeys,Send a sequence of keys to one or more application windows.,WaitDuration,TimeSpan,FALSE,FALSE,,"WindowHandle, WindowTitle",FALSE,An optional amount of time to wait after the sending of the keys.
Set-ADTActiveSetup,Creates an Active Setup entry in the registry to execute a file for each user upon login.,StubExePath,String,TRUE,FALSE,,"Create, CreateNoExecute",FALSE,Use this parameter to specify the destination path of the file that will be executed upon user login. Note: Place the file you want users to execute in the '\Files' subdirectory of the script directory and the toolkit will install it to the path specificed in this parameter.
Set-ADTActiveSetup,Creates an Active Setup entry in the registry to execute a file for each user upon login.,Arguments,String,FALSE,FALSE,,"Create, CreateNoExecute",FALSE,Arguments to pass to the file being executed.
Set-ADTActiveSetup,Creates an Active Setup entry in the registry to execute a file for each user upon login.,Wow6432Node,SwitchParameter,FALSE,TRUE,,__AllParameterSets,FALSE,Specify this switch to use Active Setup entry under Wow6432Node on a 64-bit OS.
Set-ADTActiveSetup,Creates an Active Setup entry in the registry to execute a file for each user upon login.,ExecutionPolicy,ExecutionPolicy,FALSE,FALSE,,"Create, CreateNoExecute",FALSE,Specifies the ExecutionPolicy to set when StubExePath is a PowerShell script.
Set-ADTActiveSetup,Creates an Active Setup entry in the registry to execute a file for each user upon login.,Version,String,FALSE,FALSE,,"Create, CreateNoExecute",FALSE,"Optional. Specify version for Active setup entry. Active Setup is not triggered if Version value has more than 8 consecutive digits. Use commas to get around this limitation. Note: - Do not use this parameter if it is not necessary. PSADT will handle this parameter automatically using the time of the installation as the version number. - In Windows 10, scripts and executables might be blocked by AppLocker. Ensure that the path given to -StubExePath will permit end users to run scripts and executables unelevated."
Set-ADTActiveSetup,Creates an Active Setup entry in the registry to execute a file for each user upon login.,Locale,String,FALSE,FALSE,,"Create, CreateNoExecute",FALSE,Optional. Arbitrary string used to specify the installation language of the file being executed. Not replicated to HKCU.
Set-ADTActiveSetup,Creates an Active Setup entry in the registry to execute a file for each user upon login.,DisableActiveSetup,SwitchParameter,FALSE,TRUE,,"Create, CreateNoExecute",FALSE,Disables the Active Setup entry so that the StubPath file will not be executed. This also enables -NoExecuteForCurrentUser.
Set-ADTActiveSetup,Creates an Active Setup entry in the registry to execute a file for each user upon login.,PurgeActiveSetupKey,SwitchParameter,TRUE,TRUE,,Purge,FALSE,Remove Active Setup entry from HKLM registry hive. Will also load each logon user's HKCU registry hive to remove Active Setup entry. Function returns after purging.
Set-ADTActiveSetup,Creates an Active Setup entry in the registry to execute a file for each user upon login.,NoExecuteForCurrentUser,SwitchParameter,TRUE,TRUE,,CreateNoExecute,FALSE,"Specifies whether the StubExePath should be executed for the current user. Since this user is already logged in, the user won't have the application started without logging out and logging back in."
Set-ADTActiveSetup,Creates an Active Setup entry in the registry to execute a file for each user upon login.,PassThru,SwitchParameter,FALSE,TRUE,,Create,FALSE,Returns a ProcessResult from the execution of the ActiveSetup configuration for the current user if `-PassThru` is provided.
Set-ADTActiveSetup,Creates an Active Setup entry in the registry to execute a file for each user upon login.,Key,String,TRUE,FALSE,,__AllParameterSets,FALSE,
Set-ADTActiveSetup,Creates an Active Setup entry in the registry to execute a file for each user upon login.,Description,String,TRUE,FALSE,,"Create, CreateNoExecute",FALSE,
Set-ADTDeferHistory,Set the history of deferrals in the registry for the current application.,DeferTimesRemaining,Nullable`1,FALSE,FALSE,,__AllParameterSets,FALSE,Specify the number of deferrals remaining.
Set-ADTDeferHistory,Set the history of deferrals in the registry for the current application.,DeferDeadline,DateTime,FALSE,FALSE,,__AllParameterSets,FALSE,Specify the deadline for the deferral.
Set-ADTDeferHistory,Set the history of deferrals in the registry for the current application.,DeferRunInterval,TimeSpan,FALSE,FALSE,,__AllParameterSets,FALSE,"Specifies the time span that must elapse before prompting the user again if a process listed in 'CloseProcesses' is still running after a deferral. This helps address the issue where Intune retries installations shortly after a user defers, preventing multiple immediate prompts and improving the user experience. This parameter is specifically utilized within the `Show-ADTInstallationWelcome` function, and if specified, the current date and time will be used for the DeferRunIntervalLastTime."
Set-ADTDeferHistory,Set the history of deferrals in the registry for the current application.,DeferRunIntervalLastTime,DateTime,FALSE,FALSE,,__AllParameterSets,FALSE,Specifies the last time the DeferRunInterval value was tested. This is set from within `Show-ADTInstallationWelcome` as required.
Set-ADTEnvironmentVariable,Sets the value for the specified environment variable.,Variable,String,TRUE,FALSE,,__AllParameterSets,FALSE,The variable to set.
Set-ADTEnvironmentVariable,Sets the value for the specified environment variable.,Value,String,TRUE,FALSE,,__AllParameterSets,FALSE,The value to set to variable to.
Set-ADTEnvironmentVariable,Sets the value for the specified environment variable.,Target,EnvironmentVariableTarget,FALSE,FALSE,,__AllParameterSets,FALSE,"The target of the variable to set. This can be the machine, user, or process."
Set-ADTIniSection,Opens an INI file and sets the values of the specified section.,FilePath,String,TRUE,FALSE,,__AllParameterSets,FALSE,Path to the INI file.
Set-ADTIniSection,Opens an INI file and sets the values of the specified section.,Section,String,TRUE,FALSE,,__AllParameterSets,FALSE,Section within the INI file.
Set-ADTIniSection,Opens an INI file and sets the values of the specified section.,Content,IDictionary,TRUE,FALSE,,__AllParameterSets,FALSE,"A hashtable or dictionary object containing the key-value pairs to set in the specified section. Supply an ordered hashtable to preserve the order of supplied entries. Values can be strings, numbers, booleans, enums, or null. Supply $null or an empty hashtable in combination with -Overwrite to empty an entire section."
Set-ADTIniSection,Opens an INI file and sets the values of the specified section.,Overwrite,SwitchParameter,FALSE,TRUE,,__AllParameterSets,FALSE,Specifies whether the provided INI content should overwrite all existing section content.
Set-ADTIniSection,Opens an INI file and sets the values of the specified section.,Force,SwitchParameter,FALSE,TRUE,,__AllParameterSets,FALSE,Specifies whether the INI file should be created if it does not already exist.
Set-ADTIniValue,Opens an INI file and sets the value of the specified section and key.,FilePath,String,TRUE,FALSE,,__AllParameterSets,FALSE,Path to the INI file.
Set-ADTIniValue,Opens an INI file and sets the value of the specified section and key.,Section,String,TRUE,FALSE,,__AllParameterSets,FALSE,Section within the INI file.
Set-ADTIniValue,Opens an INI file and sets the value of the specified section and key.,Key,String,TRUE,FALSE,,__AllParameterSets,FALSE,Key within the section of the INI file.
Set-ADTIniValue,Opens an INI file and sets the value of the specified section and key.,Value,String,TRUE,FALSE,,__AllParameterSets,FALSE,Value for the key within the section of the INI file.
Set-ADTIniValue,Opens an INI file and sets the value of the specified section and key.,Force,SwitchParameter,FALSE,TRUE,,__AllParameterSets,FALSE,Specifies whether the INI file should be created if it does not already exist.
Set-ADTItemPermission,Allows you to easily change permissions on files or folders.,LiteralPath,String,TRUE,FALSE,"Path, PSPath, File, Folder","AccessControlList, DisableInheritance, EnableInheritance",FALSE,Path to the folder or file you want to modify (ex: C:\Temp)
Set-ADTItemPermission,Allows you to easily change permissions on files or folders.,AccessControlList,FileSystemSecurity,TRUE,FALSE,,AccessControlList,FALSE,The ACL object to apply to the given path.
Set-ADTItemPermission,Allows you to easily change permissions on files or folders.,User,String[],TRUE,FALSE,"Username, Users, SID, Usernames",DisableInheritance,FALSE,"One or more user names (ex: BUILTIN\Users, DOMAIN\Admin) to give the permissions to. If you want to use SID, prefix it with an asterisk * (ex: *S-1-5-18)"
Set-ADTItemPermission,Allows you to easily change permissions on files or folders.,Permission,FileSystemRights,TRUE,FALSE,"Grant, Permissions, Deny",DisableInheritance,FALSE,Permission or list of permissions to be set/added/removed/replaced. Permission DeleteSubdirectoriesAndFiles does not apply to files.
Set-ADTItemPermission,Allows you to easily change permissions on files or folders.,PermissionType,AccessControlType,FALSE,FALSE,AccessControlType,DisableInheritance,FALSE,Sets Access Control Type of the permissions.
Set-ADTItemPermission,Allows you to easily change permissions on files or folders.,Inheritance,InheritanceFlags,FALSE,FALSE,,DisableInheritance,FALSE,Sets permission inheritance. Does not apply to files. Multiple options can be specified. * None - The permission entry is not inherited by child objects. * ObjectInherit - The permission entry is inherited by child leaf objects. * ContainerInherit - The permission entry is inherited by child container objects.
Set-ADTItemPermission,Allows you to easily change permissions on files or folders.,Propagation,PropagationFlags,FALSE,FALSE,,DisableInheritance,FALSE,Sets how to propagate inheritance. Does not apply to files. * None - Specifies that no inheritance flags are set. * NoPropagateInherit - Specifies that the permission entry is not propagated to child objects. * InheritOnly - Specifies that the permission entry is propagated only to child objects. This includes both container and leaf child objects.
Set-ADTItemPermission,Allows you to easily change permissions on files or folders.,Method,String,FALSE,FALSE,"ApplyMethod, ApplicationMethod",DisableInheritance,FALSE,Specifies which method will be used to apply the permissions. * AddAccessRule - Adds permissions rules but it does not remove previous permissions. * SetAccessRule - Overwrites matching permission rules with new ones. * ResetAccessRule - Removes matching permissions rules and then adds permission rules. * RemoveAccessRule - Removes matching permission rules. * RemoveAccessRuleAll - Removes all permission rules for specified user/s. * RemoveAccessRuleSpecific - Removes specific permissions.
Set-ADTItemPermission,Allows you to easily change permissions on files or folders.,DisableInheritance,SwitchParameter,FALSE,TRUE,,DisableInheritance,FALSE,"Disables inheritance, preserving permissions before doing so."
Set-ADTItemPermission,Allows you to easily change permissions on files or folders.,EnableInheritance,SwitchParameter,TRUE,TRUE,,EnableInheritance,FALSE,Enables inheritance on the files/folders.
Set-ADTItemPermission,Allows you to easily change permissions on files or folders.,RemoveExplicitRules,SwitchParameter,FALSE,TRUE,,EnableInheritance,FALSE,Removes non-inherited permissions from the object when enabling inheritance.
Set-ADTMsiProperty,Set a property in the MSI property table.,Database,__ComObject,TRUE,FALSE,,__AllParameterSets,FALSE,Specify a ComObject representing an MSI database opened in view/modify/update mode.
Set-ADTMsiProperty,Set a property in the MSI property table.,PropertyName,String,TRUE,FALSE,,__AllParameterSets,FALSE,The name of the property to be set/modified.
Set-ADTMsiProperty,Set a property in the MSI property table.,PropertyValue,String,TRUE,FALSE,,__AllParameterSets,FALSE,The value of the property to be set/modified.
Set-ADTPowerShellCulture,Changes the current thread's Culture and UICulture to the specified culture.,CultureInfo,CultureInfo,TRUE,FALSE,,__AllParameterSets,FALSE,"The culture to set the current thread's Culture and UICulture to. Can be a CultureInfo object, or any valid IETF BCP 47 language tag."
Set-ADTRegistryKey,"Creates or sets a registry key name, value, and value data.",LiteralPath,String,TRUE,FALSE,Key,__AllParameterSets,FALSE,The registry key path.
Set-ADTRegistryKey,"Creates or sets a registry key name, value, and value data.",Name,String,FALSE,FALSE,,__AllParameterSets,FALSE,The value name.
Set-ADTRegistryKey,"Creates or sets a registry key name, value, and value data.",Value,Object,FALSE,FALSE,,__AllParameterSets,FALSE,The value data.
Set-ADTRegistryKey,"Creates or sets a registry key name, value, and value data.",Type,RegistryValueKind,FALSE,FALSE,,__AllParameterSets,FALSE,The type of registry value to create or set. DWord should be specified as a decimal.
Set-ADTRegistryKey,"Creates or sets a registry key name, value, and value data.",MultiStringValueMode,MultiStringValueMode,FALSE,FALSE,,__AllParameterSets,FALSE,"The mode to operate when working with MultiString objects. The default is replace, but add and remove modes are supported also."
Set-ADTRegistryKey,"Creates or sets a registry key name, value, and value data.",Wow6432Node,SwitchParameter,FALSE,TRUE,,__AllParameterSets,FALSE,Specify this switch to write to the 32-bit registry (Wow6432Node) on 64-bit systems.
Set-ADTRegistryKey,"Creates or sets a registry key name, value, and value data.",RegistryOptions,RegistryOptions,FALSE,FALSE,,__AllParameterSets,FALSE,Extra options to use while creating the key. This is useful for creating volatile keys that do not survive a reboot.
Set-ADTRegistryKey,"Creates or sets a registry key name, value, and value data.",SID,String,FALSE,FALSE,,__AllParameterSets,FALSE,The security identifier (SID) for a user. Specifying this parameter will convert a HKEY_CURRENT_USER registry key to the HKEY_USERS\$SID format. Specify this parameter from the Invoke-ADTAllUsersRegistryAction function to read/edit HKCU registry settings for all users on the system.
Set-ADTServiceStartMode,Set the service startup mode.,Service,ServiceController,TRUE,FALSE,,__AllParameterSets,FALSE,Specify the name of the service.
Set-ADTServiceStartMode,Set the service startup mode.,StartMode,String,TRUE,FALSE,,__AllParameterSets,FALSE,"Specify startup mode for the service. Options: Automatic, Automatic (Delayed Start), Manual, Disabled, Boot, System."
Set-ADTShortcut,Modifies a .lnk or .url type shortcut.,LiteralPath,String,TRUE,FALSE,Path,__AllParameterSets,TRUE,Path to the shortcut to be changed.
Set-ADTShortcut,Modifies a .lnk or .url type shortcut.,TargetPath,String,FALSE,FALSE,,__AllParameterSets,FALSE,Sets target path or URL that the shortcut launches.
Set-ADTShortcut,Modifies a .lnk or .url type shortcut.,Arguments,String,FALSE,FALSE,,__AllParameterSets,FALSE,Sets the arguments used against the target path.
Set-ADTShortcut,Modifies a .lnk or .url type shortcut.,IconLocation,String,FALSE,FALSE,,__AllParameterSets,FALSE,Sets location of the icon used for the shortcut.
Set-ADTShortcut,Modifies a .lnk or .url type shortcut.,IconIndex,Nullable`1,FALSE,FALSE,,__AllParameterSets,FALSE,"Sets the index of the icon. Executables, DLLs, ICO files with multiple icons need the icon index to be specified. This parameter is an Integer. The first index is 0."
Set-ADTShortcut,Modifies a .lnk or .url type shortcut.,Description,String,FALSE,FALSE,,__AllParameterSets,FALSE,Sets the description of the shortcut as can be seen in the shortcut's properties.
Set-ADTShortcut,Modifies a .lnk or .url type shortcut.,WorkingDirectory,String,FALSE,FALSE,,__AllParameterSets,FALSE,Sets working directory to be used for the target path.
Set-ADTShortcut,Modifies a .lnk or .url type shortcut.,WindowStyle,String,FALSE,FALSE,,__AllParameterSets,FALSE,"Sets the shortcut's window style to be minimised, maximised, etc."
Set-ADTShortcut,Modifies a .lnk or .url type shortcut.,RunAsAdmin,SwitchParameter,FALSE,TRUE,,__AllParameterSets,FALSE,Sets the shortcut to require elevated permissions to run.
Set-ADTShortcut,Modifies a .lnk or .url type shortcut.,Hotkey,String,FALSE,FALSE,,__AllParameterSets,FALSE,"Sets the hotkey to launch the shortcut, e.g. ""CTRL+SHIFT+F""."
Show-ADTBalloonTip,Displays a balloon tip notification in the system tray.,BalloonTipText,String,TRUE,FALSE,,__AllParameterSets,FALSE,Text of the balloon tip.
Show-ADTBalloonTip,Displays a balloon tip notification in the system tray.,BalloonTipIcon,ToolTipIcon,FALSE,FALSE,,__AllParameterSets,FALSE,"Icon to be used. Options: 'Error', 'Info', 'None', 'Warning'."
Show-ADTBalloonTip,Displays a balloon tip notification in the system tray.,BalloonTipTime,Nullable`1,FALSE,FALSE,,__AllParameterSets,FALSE,Time in milliseconds to display the balloon tip. Default: 10000.
Show-ADTBalloonTip,Displays a balloon tip notification in the system tray.,NoWait,SwitchParameter,FALSE,TRUE,,__AllParameterSets,FALSE,Creates the balloon tip asynchronously.
Show-ADTBalloonTip,Displays a balloon tip notification in the system tray.,Force,SwitchParameter,FALSE,TRUE,,__AllParameterSets,FALSE,Creates the balloon tip irrespective of whether running silently or not.
Show-ADTBalloonTip,Displays a balloon tip notification in the system tray.,BalloonTipTitle,String,TRUE,FALSE,,__AllParameterSets,FALSE,
Show-ADTDialogBox,"Display a custom dialog box with optional title, buttons, icon, and timeout.",Text,String,TRUE,FALSE,,__AllParameterSets,FALSE,Text in the message dialog box.
Show-ADTDialogBox,"Display a custom dialog box with optional title, buttons, icon, and timeout.",Buttons,DialogBoxButtons,FALSE,FALSE,,__AllParameterSets,FALSE,The button(s) to display on the dialog box.
Show-ADTDialogBox,"Display a custom dialog box with optional title, buttons, icon, and timeout.",DefaultButton,DialogBoxDefaultButton,FALSE,FALSE,,__AllParameterSets,FALSE,"The Default button that is selected. Options: First, Second, Third."
Show-ADTDialogBox,"Display a custom dialog box with optional title, buttons, icon, and timeout.",Icon,DialogBoxIcon,FALSE,FALSE,,__AllParameterSets,FALSE,"Icon to display on the dialog box. Options: None, Stop, Question, Exclamation, Information."
Show-ADTDialogBox,"Display a custom dialog box with optional title, buttons, icon, and timeout.",NoWait,SwitchParameter,FALSE,TRUE,,__AllParameterSets,FALSE,"Presents the dialog in a separate, independent thread so that the main process isn't stalled waiting for a response."
Show-ADTDialogBox,"Display a custom dialog box with optional title, buttons, icon, and timeout.",ExitOnTimeout,SwitchParameter,FALSE,TRUE,,__AllParameterSets,FALSE,Specifies whether to not exit the script if the UI times out.
Show-ADTDialogBox,"Display a custom dialog box with optional title, buttons, icon, and timeout.",NotTopMost,SwitchParameter,FALSE,TRUE,,__AllParameterSets,FALSE,Specifies whether the message box shouldn't be a system modal message box that appears in a topmost window.
Show-ADTDialogBox,"Display a custom dialog box with optional title, buttons, icon, and timeout.",Force,SwitchParameter,FALSE,TRUE,,__AllParameterSets,FALSE,Specifies whether the message box should appear irrespective of an ongoing DeploymentSession's DeployMode.
Show-ADTDialogBox,"Display a custom dialog box with optional title, buttons, icon, and timeout.",Title,String,TRUE,FALSE,,__AllParameterSets,FALSE,
Show-ADTDialogBox,"Display a custom dialog box with optional title, buttons, icon, and timeout.",Timeout,UInt32,FALSE,FALSE,,__AllParameterSets,FALSE,
Show-ADTHelpConsole,Displays a help console for the ADT module.,(none),,,,,,,
Show-ADTInstallationProgress,Displays a progress dialog in a separate thread with an updateable custom message.,StatusMessage,String,FALSE,FALSE,,__AllParameterSets,FALSE,The status message to be displayed. The default status message is taken from the imported strings.psd1 file.
Show-ADTInstallationProgress,Displays a progress dialog in a separate thread with an updateable custom message.,StatusMessageDetail,String,FALSE,FALSE,,__AllParameterSets,FALSE,The status message detail to be displayed with a fluent progress window. The default status message is taken from the imported strings.psd1 file.
Show-ADTInstallationProgress,Displays a progress dialog in a separate thread with an updateable custom message.,StatusBarPercentage,Nullable`1,FALSE,FALSE,,__AllParameterSets,FALSE,"The percentage to display on the status bar. If null or not supplied, the status bar will continuously scroll."
Show-ADTInstallationProgress,Displays a progress dialog in a separate thread with an updateable custom message.,MessageAlignment,DialogMessageAlignment,FALSE,FALSE,,__AllParameterSets,FALSE,The text alignment to use for the status message.
Show-ADTInstallationProgress,Displays a progress dialog in a separate thread with an updateable custom message.,WindowLocation,DialogPosition,FALSE,FALSE,,__AllParameterSets,FALSE,The location of the dialog on the screen.
Show-ADTInstallationProgress,Displays a progress dialog in a separate thread with an updateable custom message.,NotTopMost,SwitchParameter,FALSE,TRUE,,__AllParameterSets,FALSE,Specifies whether the progress window shouldn't be topmost.
Show-ADTInstallationProgress,Displays a progress dialog in a separate thread with an updateable custom message.,AllowMove,SwitchParameter,FALSE,TRUE,,__AllParameterSets,FALSE,Specifies that the user can move the dialog on the screen.
Show-ADTInstallationProgress,Displays a progress dialog in a separate thread with an updateable custom message.,Title,String,TRUE,FALSE,WindowTitle,__AllParameterSets,FALSE,
Show-ADTInstallationProgress,Displays a progress dialog in a separate thread with an updateable custom message.,Subtitle,String,TRUE,FALSE,WindowSubtitle,__AllParameterSets,FALSE,
Show-ADTInstallationPrompt,Displays a custom installation prompt with the toolkit branding and optional buttons.,RequestInput,SwitchParameter,TRUE,TRUE,,ShowInputDialog,FALSE,Show a text box for the user to provide an answer.
Show-ADTInstallationPrompt,Displays a custom installation prompt with the toolkit branding and optional buttons.,DefaultValue,String,FALSE,FALSE,,ShowInputDialog,FALSE,The default value to show in the text box.
Show-ADTInstallationPrompt,Displays a custom installation prompt with the toolkit branding and optional buttons.,Message,String,TRUE,FALSE,,__AllParameterSets,FALSE,The message text to be displayed on the prompt.
Show-ADTInstallationPrompt,Displays a custom installation prompt with the toolkit branding and optional buttons.,MessageAlignment,DialogMessageAlignment,FALSE,FALSE,,__AllParameterSets,FALSE,Alignment of the message text.
Show-ADTInstallationPrompt,Displays a custom installation prompt with the toolkit branding and optional buttons.,ButtonRightText,String,FALSE,FALSE,,__AllParameterSets,FALSE,Show a button on the right of the prompt with the specified text.
Show-ADTInstallationPrompt,Displays a custom installation prompt with the toolkit branding and optional buttons.,ButtonLeftText,String,FALSE,FALSE,,__AllParameterSets,FALSE,Show a button on the left of the prompt with the specified text.
Show-ADTInstallationPrompt,Displays a custom installation prompt with the toolkit branding and optional buttons.,ButtonMiddleText,String,FALSE,FALSE,,__AllParameterSets,FALSE,Show a button in the middle of the prompt with the specified text.
Show-ADTInstallationPrompt,Displays a custom installation prompt with the toolkit branding and optional buttons.,Icon,DialogSystemIcon,FALSE,FALSE,,__AllParameterSets,FALSE,Show a system icon in the prompt.
Show-ADTInstallationPrompt,Displays a custom installation prompt with the toolkit branding and optional buttons.,WindowLocation,DialogPosition,FALSE,FALSE,,__AllParameterSets,FALSE,The location of the dialog on the screen.
Show-ADTInstallationPrompt,Displays a custom installation prompt with the toolkit branding and optional buttons.,NoWait,SwitchParameter,FALSE,TRUE,,ShowCustomDialog,FALSE,"Presents the dialog in a separate, independent thread so that the main process isn't stalled waiting for a response."
Show-ADTInstallationPrompt,Displays a custom installation prompt with the toolkit branding and optional buttons.,PersistPrompt,SwitchParameter,FALSE,TRUE,,__AllParameterSets,FALSE,"Specify whether to make the prompt persist in the center of the screen every couple of seconds, specified in the config.psd1 file. The user will have no option but to respond to the prompt."
Show-ADTInstallationPrompt,Displays a custom installation prompt with the toolkit branding and optional buttons.,MinimizeWindows,SwitchParameter,FALSE,TRUE,,__AllParameterSets,FALSE,Specifies whether to minimize other windows when displaying prompt.
Show-ADTInstallationPrompt,Displays a custom installation prompt with the toolkit branding and optional buttons.,NoExitOnTimeout,SwitchParameter,FALSE,TRUE,,__AllParameterSets,FALSE,Specifies whether to not exit the script if the UI times out.
Show-ADTInstallationPrompt,Displays a custom installation prompt with the toolkit branding and optional buttons.,NotTopMost,SwitchParameter,FALSE,TRUE,,__AllParameterSets,FALSE,"Specifies whether the prompt shouldn't be topmost, above all other windows."
Show-ADTInstallationPrompt,Displays a custom installation prompt with the toolkit branding and optional buttons.,AllowMove,SwitchParameter,FALSE,TRUE,,__AllParameterSets,FALSE,Specifies that the user can move the dialog on the screen.
Show-ADTInstallationPrompt,Displays a custom installation prompt with the toolkit branding and optional buttons.,Force,SwitchParameter,FALSE,TRUE,,__AllParameterSets,FALSE,Specifies whether the message box should appear irrespective of an ongoing DeploymentSession's DeployMode.
Show-ADTInstallationPrompt,Displays a custom installation prompt with the toolkit branding and optional buttons.,Title,String,TRUE,FALSE,,__AllParameterSets,FALSE,
Show-ADTInstallationPrompt,Displays a custom installation prompt with the toolkit branding and optional buttons.,Subtitle,String,TRUE,FALSE,,__AllParameterSets,FALSE,
Show-ADTInstallationPrompt,Displays a custom installation prompt with the toolkit branding and optional buttons.,Timeout,UInt32,FALSE,FALSE,,__AllParameterSets,FALSE,
Show-ADTInstallationRestartPrompt,Displays a restart prompt with a countdown to a forced restart.,NoCountdown,SwitchParameter,TRUE,TRUE,,NoCountdown,FALSE,Specifies whether the user should receive a prompt to immediately restart their workstation.
Show-ADTInstallationRestartPrompt,Displays a restart prompt with a countdown to a forced restart.,CountdownSeconds,Nullable`1,FALSE,FALSE,,Countdown,FALSE,Specifies the number of seconds to display the restart prompt.
Show-ADTInstallationRestartPrompt,Displays a restart prompt with a countdown to a forced restart.,CountdownNoHideSeconds,Nullable`1,FALSE,FALSE,,Countdown,FALSE,Specifies the number of seconds to display the restart prompt without allowing the window to be hidden.
Show-ADTInstallationRestartPrompt,Displays a restart prompt with a countdown to a forced restart.,SilentRestart,SwitchParameter,TRUE,TRUE,,SilentRestart,FALSE,Specifies whether the restart should be triggered when DeployMode is silent or very silent.
Show-ADTInstallationRestartPrompt,Displays a restart prompt with a countdown to a forced restart.,SilentCountdownSeconds,Nullable`1,FALSE,FALSE,,SilentRestart,FALSE,Specifies number of seconds to countdown for the restart when the toolkit is running in silent mode and `-SilentRestart` isn't specified.
Show-ADTInstallationRestartPrompt,Displays a restart prompt with a countdown to a forced restart.,WindowLocation,DialogPosition,FALSE,FALSE,,__AllParameterSets,FALSE,The location of the dialog on the screen.
Show-ADTInstallationRestartPrompt,Displays a restart prompt with a countdown to a forced restart.,CustomText,SwitchParameter,FALSE,TRUE,,"Countdown, NoCountdown",FALSE,Specify whether to display a custom message specified in the `strings.psd1` file. Custom message must be populated for each language section in the `strings.psd1` file.
Show-ADTInstallationRestartPrompt,Displays a restart prompt with a countdown to a forced restart.,NotTopMost,SwitchParameter,FALSE,TRUE,,__AllParameterSets,FALSE,"Specifies whether the prompt shouldn't be topmost, above all other windows."
Show-ADTInstallationRestartPrompt,Displays a restart prompt with a countdown to a forced restart.,AllowMove,SwitchParameter,FALSE,TRUE,,__AllParameterSets,FALSE,Specifies that the user can move the dialog on the screen.
Show-ADTInstallationRestartPrompt,Displays a restart prompt with a countdown to a forced restart.,Title,String,TRUE,FALSE,,__AllParameterSets,FALSE,
Show-ADTInstallationRestartPrompt,Displays a restart prompt with a countdown to a forced restart.,Subtitle,String,TRUE,FALSE,,__AllParameterSets,FALSE,
Show-ADTInstallationWelcome,Show a welcome dialog prompting the user with information about the deployment and actions to be performed before the deployment can begin.,CloseProcesses,ProcessDefinition[],TRUE,FALSE,,"Interactive, and with processes to close., Interactive, with processes to close, and a free disk space check., Interactive, with processes to close, and with a close processes countdown if the user has no available deferrals., Interactive, with processes to close, and with a close processes countdown irrespective of whether the user can defer or not., Interactive, with processes to close, and with deferral allowed irrespective of whether processes to close are open., Interactive, with processes to close, and with deferral allowed only if the processes to close are open., Interactive, with processes to close, with a close processes countdown if the user has no available deferrals, and a free disk space check., Interactive, with processes to close, with a close processes countdown irrespective of whether the user can defer or not, and a free disk space check., Interactive, with processes to close, with deferral allowed irrespective of whether processes to close are open, and a free disk space check., Interactive, with processes to close, with deferral allowed irrespective of whether processes to close are open, and with a close processes countdown if the user has no available deferrals., Interactive, with processes to close, with deferral allowed irrespective of whether processes to close are open, and with a close processes countdown irrespective of whether the user can defer or not., Interactive, with processes to close, with deferral allowed irrespective of whether processes to close are open, and with a continue/defer countdown depending on whether processes to close are open or not., Interactive, with processes to close, with deferral allowed irrespective of whether processes to close are open, with a close processes countdown if the user has no available deferrals, and a free disk space check., Interactive, with processes to close, with deferral allowed irrespective of whether processes to close are open, with a close processes countdown irrespective of whether the user can defer or not, and a free disk space check., Interactive, with processes to close, with deferral allowed irrespective of whether processes to close are open, with a continue/defer countdown depending on whether processes to close are open or not, and a free disk space check., Interactive, with processes to close, with deferral allowed only if the processes to close are open, and a free disk space check., Interactive, with processes to close, with deferral allowed only if the processes to close are open, and with a close processes countdown if the user has no available deferrals., Interactive, with processes to close, with deferral allowed only if the processes to close are open, and with a close processes countdown irrespective of whether the user can defer or not., Interactive, with processes to close, with deferral allowed only if the processes to close are open, and with a continue/defer countdown depending on whether processes to close are open or not., Interactive, with processes to close, with deferral allowed only if the processes to close are open, with a close processes countdown if the user has no available deferrals, and a free disk space check., Interactive, with processes to close, with deferral allowed only if the processes to close are open, with a close processes countdown irrespective of whether the user can defer or not, and a free disk space check., Interactive, with processes to close, with deferral allowed only if the processes to close are open, with a continue/defer countdown depending on whether processes to close are open or not, and a free disk space check., Silent, and with processes to close., Silent, with processes to close, and a free disk space check.",FALSE,"Name of the process to stop (do not include the .exe). Specify multiple processes separated by a comma. Specify custom descriptions like this: `@{ Name = 'winword'; Description = 'Microsoft Office Word' }, @{ Name = 'excel'; Description = 'Microsoft Office Excel' }`"
Show-ADTInstallationWelcome,Show a welcome dialog prompting the user with information about the deployment and actions to be performed before the deployment can begin.,HideCloseButton,SwitchParameter,FALSE,TRUE,,"Interactive, and with processes to close., Interactive, with processes to close, and a free disk space check., Interactive, with processes to close, and with a close processes countdown if the user has no available deferrals., Interactive, with processes to close, and with a close processes countdown irrespective of whether the user can defer or not., Interactive, with processes to close, and with deferral allowed irrespective of whether processes to close are open., Interactive, with processes to close, and with deferral allowed only if the processes to close are open., Interactive, with processes to close, with a close processes countdown if the user has no available deferrals, and a free disk space check., Interactive, with processes to close, with a close processes countdown irrespective of whether the user can defer or not, and a free disk space check., Interactive, with processes to close, with deferral allowed irrespective of whether processes to close are open, and a free disk space check., Interactive, with processes to close, with deferral allowed irrespective of whether processes to close are open, and with a close processes countdown if the user has no available deferrals., Interactive, with processes to close, with deferral allowed irrespective of whether processes to close are open, and with a close processes countdown irrespective of whether the user can defer or not., Interactive, with processes to close, with deferral allowed irrespective of whether processes to close are open, and with a continue/defer countdown depending on whether processes to close are open or not., Interactive, with processes to close, with deferral allowed irrespective of whether processes to close are open, with a close processes countdown if the user has no available deferrals, and a free disk space check., Interactive, with processes to close, with deferral allowed irrespective of whether processes to close are open, with a close processes countdown irrespective of whether the user can defer or not, and a free disk space check., Interactive, with processes to close, with deferral allowed irrespective of whether processes to close are open, with a continue/defer countdown depending on whether processes to close are open or not, and a free disk space check., Interactive, with processes to close, with deferral allowed only if the processes to close are open, and a free disk space check., Interactive, with processes to close, with deferral allowed only if the processes to close are open, and with a close processes countdown if the user has no available deferrals., Interactive, with processes to close, with deferral allowed only if the processes to close are open, and with a close processes countdown irrespective of whether the user can defer or not., Interactive, with processes to close, with deferral allowed only if the processes to close are open, and with a continue/defer countdown depending on whether processes to close are open or not., Interactive, with processes to close, with deferral allowed only if the processes to close are open, with a close processes countdown if the user has no available deferrals, and a free disk space check., Interactive, with processes to close, with deferral allowed only if the processes to close are open, with a close processes countdown irrespective of whether the user can defer or not, and a free disk space check., Interactive, with processes to close, with deferral allowed only if the processes to close are open, with a continue/defer countdown depending on whether processes to close are open or not, and a free disk space check., Silent, and with processes to close., Silent, with processes to close, and a free disk space check.",FALSE,Specifies that the 'Close Processes' button be hidden/disabled to force users to manually close down their running processes.
Show-ADTInstallationWelcome,Show a welcome dialog prompting the user with information about the deployment and actions to be performed before the deployment can begin.,AllowDefer,SwitchParameter,TRUE,TRUE,,"Interactive, and with deferral allowed., Interactive, with deferral allowed, and a free disk space check., Interactive, with deferral allowed, and with a continue countdown irrespective of deferrals., Interactive, with deferral allowed, with a continue countdown irrespective of deferrals, and a free disk space check., Interactive, with processes to close, and with deferral allowed irrespective of whether processes to close are open., Interactive, with processes to close, with deferral allowed irrespective of whether processes to close are open, and a free disk space check., Interactive, with processes to close, with deferral allowed irrespective of whether processes to close are open, and with a close processes countdown if the user has no available deferrals., Interactive, with processes to close, with deferral allowed irrespective of whether processes to close are open, and with a close processes countdown irrespective of whether the user can defer or not., Interactive, with processes to close, with deferral allowed irrespective of whether processes to close are open, and with a continue/defer countdown depending on whether processes to close are open or not., Interactive, with processes to close, with deferral allowed irrespective of whether processes to close are open, with a close processes countdown if the user has no available deferrals, and a free disk space check., Interactive, with processes to close, with deferral allowed irrespective of whether processes to close are open, with a close processes countdown irrespective of whether the user can defer or not, and a free disk space check., Interactive, with processes to close, with deferral allowed irrespective of whether processes to close are open, with a continue/defer countdown depending on whether processes to close are open or not, and a free disk space check.",FALSE,Enables an optional defer button to allow the user to defer the deployment.
Show-ADTInstallationWelcome,Show a welcome dialog prompting the user with information about the deployment and actions to be performed before the deployment can begin.,AllowDeferCloseProcesses,SwitchParameter,TRUE,TRUE,,"Interactive, with processes to close, and with deferral allowed only if the processes to close are open., Interactive, with processes to close, with deferral allowed only if the processes to close are open, and a free disk space check., Interactive, with processes to close, with deferral allowed only if the processes to close are open, and with a close processes countdown if the user has no available deferrals., Interactive, with processes to close, with deferral allowed only if the processes to close are open, and with a close processes countdown irrespective of whether the user can defer or not., Interactive, with processes to close, with deferral allowed only if the processes to close are open, and with a continue/defer countdown depending on whether processes to close are open or not., Interactive, with processes to close, with deferral allowed only if the processes to close are open, with a close processes countdown if the user has no available deferrals, and a free disk space check., Interactive, with processes to close, with deferral allowed only if the processes to close are open, with a close processes countdown irrespective of whether the user can defer or not, and a free disk space check., Interactive, with processes to close, with deferral allowed only if the processes to close are open, with a continue/defer countdown depending on whether processes to close are open or not, and a free disk space check.",FALSE,Enables an optional defer button to allow the user to defer the deployment only if there are running applications that need to be closed. This parameter automatically enables `-AllowDefer`.
Show-ADTInstallationWelcome,Show a welcome dialog prompting the user with information about the deployment and actions to be performed before the deployment can begin.,Silent,SwitchParameter,TRUE,TRUE,,"Silent, and with a free disk space check., Silent, and with processes to close., Silent, with no modifying options., Silent, with processes to close, and a free disk space check.",FALSE,Stop processes without prompting the user.
Show-ADTInstallationWelcome,Show a welcome dialog prompting the user with information about the deployment and actions to be performed before the deployment can begin.,CloseProcessesCountdown,Nullable`1,TRUE,FALSE,,"Interactive, with processes to close, and with a close processes countdown if the user has no available deferrals., Interactive, with processes to close, with a close processes countdown if the user has no available deferrals, and a free disk space check., Interactive, with processes to close, with deferral allowed irrespective of whether processes to close are open, and with a close processes countdown if the user has no available deferrals., Interactive, with processes to close, with deferral allowed irrespective of whether processes to close are open, with a close processes countdown if the user has no available deferrals, and a free disk space check., Interactive, with processes to close, with deferral allowed only if the processes to close are open, and with a close processes countdown if the user has no available deferrals., Interactive, with processes to close, with deferral allowed only if the processes to close are open, with a close processes countdown if the user has no available deferrals, and a free disk space check.",FALSE,Option to provide a countdown in seconds until the specified applications are automatically closed. This only takes effect if deferral is not allowed or has expired.
Show-ADTInstallationWelcome,Show a welcome dialog prompting the user with information about the deployment and actions to be performed before the deployment can begin.,ForceCloseProcessesCountdown,Nullable`1,TRUE,FALSE,,"Interactive, with processes to close, and with a close processes countdown irrespective of whether the user can defer or not., Interactive, with processes to close, with a close processes countdown irrespective of whether the user can defer or not, and a free disk space check., Interactive, with processes to close, with deferral allowed irrespective of whether processes to close are open, and with a close processes countdown irrespective of whether the user can defer or not., Interactive, with processes to close, with deferral allowed irrespective of whether processes to close are open, with a close processes countdown irrespective of whether the user can defer or not, and a free disk space check., Interactive, with processes to close, with deferral allowed only if the processes to close are open, and with a close processes countdown irrespective of whether the user can defer or not., Interactive, with processes to close, with deferral allowed only if the processes to close are open, with a close processes countdown irrespective of whether the user can defer or not, and a free disk space check.",FALSE,Option to provide a countdown in seconds until the specified applications are automatically closed regardless of whether deferral is allowed.
Show-ADTInstallationWelcome,Show a welcome dialog prompting the user with information about the deployment and actions to be performed before the deployment can begin.,ForceCountdown,Nullable`1,TRUE,FALSE,,"Interactive, with deferral allowed, and with a continue countdown irrespective of deferrals., Interactive, with deferral allowed, with a continue countdown irrespective of deferrals, and a free disk space check., Interactive, with processes to close, with deferral allowed irrespective of whether processes to close are open, and with a continue/defer countdown depending on whether processes to close are open or not., Interactive, with processes to close, with deferral allowed irrespective of whether processes to close are open, with a continue/defer countdown depending on whether processes to close are open or not, and a free disk space check., Interactive, with processes to close, with deferral allowed only if the processes to close are open, and with a continue/defer countdown depending on whether processes to close are open or not., Interactive, with processes to close, with deferral allowed only if the processes to close are open, with a continue/defer countdown depending on whether processes to close are open or not, and a free disk space check.",FALSE,Specify a countdown to display before automatically proceeding with the deployment when a deferral is enabled.
Show-ADTInstallationWelcome,Show a welcome dialog prompting the user with information about the deployment and actions to be performed before the deployment can begin.,DeferTimes,Nullable`1,FALSE,FALSE,,"Interactive, and with deferral allowed., Interactive, with deferral allowed, and a free disk space check., Interactive, with deferral allowed, and with a continue countdown irrespective of deferrals., Interactive, with deferral allowed, with a continue countdown irrespective of deferrals, and a free disk space check., Interactive, with processes to close, and with deferral allowed irrespective of whether processes to close are open., Interactive, with processes to close, and with deferral allowed only if the processes to close are open., Interactive, with processes to close, with deferral allowed irrespective of whether processes to close are open, and a free disk space check., Interactive, with processes to close, with deferral allowed irrespective of whether processes to close are open, and with a close processes countdown if the user has no available deferrals., Interactive, with processes to close, with deferral allowed irrespective of whether processes to close are open, and with a close processes countdown irrespective of whether the user can defer or not., Interactive, with processes to close, with deferral allowed irrespective of whether processes to close are open, and with a continue/defer countdown depending on whether processes to close are open or not., Interactive, with processes to close, with deferral allowed irrespective of whether processes to close are open, with a close processes countdown if the user has no available deferrals, and a free disk space check., Interactive, with processes to close, with deferral allowed irrespective of whether processes to close are open, with a close processes countdown irrespective of whether the user can defer or not, and a free disk space check., Interactive, with processes to close, with deferral allowed irrespective of whether processes to close are open, with a continue/defer countdown depending on whether processes to close are open or not, and a free disk space check., Interactive, with processes to close, with deferral allowed only if the processes to close are open, and a free disk space check., Interactive, with processes to close, with deferral allowed only if the processes to close are open, and with a close processes countdown if the user has no available deferrals., Interactive, with processes to close, with deferral allowed only if the processes to close are open, and with a close processes countdown irrespective of whether the user can defer or not., Interactive, with processes to close, with deferral allowed only if the processes to close are open, and with a continue/defer countdown depending on whether processes to close are open or not., Interactive, with processes to close, with deferral allowed only if the processes to close are open, with a close processes countdown if the user has no available deferrals, and a free disk space check., Interactive, with processes to close, with deferral allowed only if the processes to close are open, with a close processes countdown irrespective of whether the user can defer or not, and a free disk space check., Interactive, with processes to close, with deferral allowed only if the processes to close are open, with a continue/defer countdown depending on whether processes to close are open or not, and a free disk space check.",FALSE,Specify the number of times the deployment can be deferred.
Show-ADTInstallationWelcome,Show a welcome dialog prompting the user with information about the deployment and actions to be performed before the deployment can begin.,DeferDays,Nullable`1,FALSE,FALSE,,"Interactive, and with deferral allowed., Interactive, with deferral allowed, and a free disk space check., Interactive, with deferral allowed, and with a continue countdown irrespective of deferrals., Interactive, with deferral allowed, with a continue countdown irrespective of deferrals, and a free disk space check., Interactive, with processes to close, and with deferral allowed irrespective of whether processes to close are open., Interactive, with processes to close, and with deferral allowed only if the processes to close are open., Interactive, with processes to close, with deferral allowed irrespective of whether processes to close are open, and a free disk space check., Interactive, with processes to close, with deferral allowed irrespective of whether processes to close are open, and with a close processes countdown if the user has no available deferrals., Interactive, with processes to close, with deferral allowed irrespective of whether processes to close are open, and with a close processes countdown irrespective of whether the user can defer or not., Interactive, with processes to close, with deferral allowed irrespective of whether processes to close are open, and with a continue/defer countdown depending on whether processes to close are open or not., Interactive, with processes to close, with deferral allowed irrespective of whether processes to close are open, with a close processes countdown if the user has no available deferrals, and a free disk space check., Interactive, with processes to close, with deferral allowed irrespective of whether processes to close are open, with a close processes countdown irrespective of whether the user can defer or not, and a free disk space check., Interactive, with processes to close, with deferral allowed irrespective of whether processes to close are open, with a continue/defer countdown depending on whether processes to close are open or not, and a free disk space check., Interactive, with processes to close, with deferral allowed only if the processes to close are open, and a free disk space check., Interactive, with processes to close, with deferral allowed only if the processes to close are open, and with a close processes countdown if the user has no available deferrals., Interactive, with processes to close, with deferral allowed only if the processes to close are open, and with a close processes countdown irrespective of whether the user can defer or not., Interactive, with processes to close, with deferral allowed only if the processes to close are open, and with a continue/defer countdown depending on whether processes to close are open or not., Interactive, with processes to close, with deferral allowed only if the processes to close are open, with a close processes countdown if the user has no available deferrals, and a free disk space check., Interactive, with processes to close, with deferral allowed only if the processes to close are open, with a close processes countdown irrespective of whether the user can defer or not, and a free disk space check., Interactive, with processes to close, with deferral allowed only if the processes to close are open, with a continue/defer countdown depending on whether processes to close are open or not, and a free disk space check.",FALSE,Specify the number of days since first run that the deployment can be deferred. This is converted to a deadline.
Show-ADTInstallationWelcome,Show a welcome dialog prompting the user with information about the deployment and actions to be performed before the deployment can begin.,DeferDeadline,DateTime,FALSE,FALSE,,"Interactive, and with deferral allowed., Interactive, with deferral allowed, and a free disk space check., Interactive, with deferral allowed, and with a continue countdown irrespective of deferrals., Interactive, with deferral allowed, with a continue countdown irrespective of deferrals, and a free disk space check., Interactive, with processes to close, and with deferral allowed irrespective of whether processes to close are open., Interactive, with processes to close, and with deferral allowed only if the processes to close are open., Interactive, with processes to close, with deferral allowed irrespective of whether processes to close are open, and a free disk space check., Interactive, with processes to close, with deferral allowed irrespective of whether processes to close are open, and with a close processes countdown if the user has no available deferrals., Interactive, with processes to close, with deferral allowed irrespective of whether processes to close are open, and with a close processes countdown irrespective of whether the user can defer or not., Interactive, with processes to close, with deferral allowed irrespective of whether processes to close are open, and with a continue/defer countdown depending on whether processes to close are open or not., Interactive, with processes to close, with deferral allowed irrespective of whether processes to close are open, with a close processes countdown if the user has no available deferrals, and a free disk space check., Interactive, with processes to close, with deferral allowed irrespective of whether processes to close are open, with a close processes countdown irrespective of whether the user can defer or not, and a free disk space check., Interactive, with processes to close, with deferral allowed irrespective of whether processes to close are open, with a continue/defer countdown depending on whether processes to close are open or not, and a free disk space check., Interactive, with processes to close, with deferral allowed only if the processes to close are open, and a free disk space check., Interactive, with processes to close, with deferral allowed only if the processes to close are open, and with a close processes countdown if the user has no available deferrals., Interactive, with processes to close, with deferral allowed only if the processes to close are open, and with a close processes countdown irrespective of whether the user can defer or not., Interactive, with processes to close, with deferral allowed only if the processes to close are open, and with a continue/defer countdown depending on whether processes to close are open or not., Interactive, with processes to close, with deferral allowed only if the processes to close are open, with a close processes countdown if the user has no available deferrals, and a free disk space check., Interactive, with processes to close, with deferral allowed only if the processes to close are open, with a close processes countdown irrespective of whether the user can defer or not, and a free disk space check., Interactive, with processes to close, with deferral allowed only if the processes to close are open, with a continue/defer countdown depending on whether processes to close are open or not, and a free disk space check.",FALSE,"Specify the deadline date until which the deployment can be deferred. Specify the date in the local culture if the script is intended for that same culture. If the script is intended to run on en-US machines, specify the date in the format: `08/25/2013`, or `08-25-2013`, or `08-25-2013 18:00:00`. If the script is intended for multiple cultures, specify the date in the universal sortable date/time format: `2013-08-22 11:51:52Z`. The deadline date will be displayed to the user in the format of their culture."
Show-ADTInstallationWelcome,Show a welcome dialog prompting the user with information about the deployment and actions to be performed before the deployment can begin.,DeferRunInterval,TimeSpan,FALSE,FALSE,,"Interactive, and with deferral allowed., Interactive, with deferral allowed, and a free disk space check., Interactive, with deferral allowed, and with a continue countdown irrespective of deferrals., Interactive, with deferral allowed, with a continue countdown irrespective of deferrals, and a free disk space check., Interactive, with processes to close, and with deferral allowed irrespective of whether processes to close are open., Interactive, with processes to close, and with deferral allowed only if the processes to close are open., Interactive, with processes to close, with deferral allowed irrespective of whether processes to close are open, and a free disk space check., Interactive, with processes to close, with deferral allowed irrespective of whether processes to close are open, and with a close processes countdown if the user has no available deferrals., Interactive, with processes to close, with deferral allowed irrespective of whether processes to close are open, and with a close processes countdown irrespective of whether the user can defer or not., Interactive, with processes to close, with deferral allowed irrespective of whether processes to close are open, and with a continue/defer countdown depending on whether processes to close are open or not., Interactive, with processes to close, with deferral allowed irrespective of whether processes to close are open, with a close processes countdown if the user has no available deferrals, and a free disk space check., Interactive, with processes to close, with deferral allowed irrespective of whether processes to close are open, with a close processes countdown irrespective of whether the user can defer or not, and a free disk space check., Interactive, with processes to close, with deferral allowed irrespective of whether processes to close are open, with a continue/defer countdown depending on whether processes to close are open or not, and a free disk space check., Interactive, with processes to close, with deferral allowed only if the processes to close are open, and a free disk space check., Interactive, with processes to close, with deferral allowed only if the processes to close are open, and with a close processes countdown if the user has no available deferrals., Interactive, with processes to close, with deferral allowed only if the processes to close are open, and with a close processes countdown irrespective of whether the user can defer or not., Interactive, with processes to close, with deferral allowed only if the processes to close are open, and with a continue/defer countdown depending on whether processes to close are open or not., Interactive, with processes to close, with deferral allowed only if the processes to close are open, with a close processes countdown if the user has no available deferrals, and a free disk space check., Interactive, with processes to close, with deferral allowed only if the processes to close are open, with a close processes countdown irrespective of whether the user can defer or not, and a free disk space check., Interactive, with processes to close, with deferral allowed only if the processes to close are open, with a continue/defer countdown depending on whether processes to close are open or not, and a free disk space check.",FALSE,"Specifies the time span that must elapse before prompting the user again if a process listed in 'CloseProcesses' is still running after a deferral. This addresses the issue where Intune retries deployments shortly after a user defers, preventing multiple immediate prompts and improving the user experience. Example: - To specify 30 minutes, use: `([System.TimeSpan]::FromMinutes(30))`. - To specify 24 hours, use: `([System.TimeSpan]::FromHours(24))`."
Show-ADTInstallationWelcome,Show a welcome dialog prompting the user with information about the deployment and actions to be performed before the deployment can begin.,WindowLocation,DialogPosition,FALSE,FALSE,,"Interactive, and with a free disk space check., Interactive, and with deferral allowed., Interactive, and with processes to close., Interactive, with deferral allowed, and a free disk space check., Interactive, with deferral allowed, and with a continue countdown irrespective of deferrals., Interactive, with deferral allowed, with a continue countdown irrespective of deferrals, and a free disk space check., Interactive, with no modifying options., Interactive, with processes to close, and a free disk space check., Interactive, with processes to close, and with a close processes countdown if the user has no available deferrals., Interactive, with processes to close, and with a close processes countdown irrespective of whether the user can defer or not., Interactive, with processes to close, and with deferral allowed irrespective of whether processes to close are open., Interactive, with processes to close, and with deferral allowed only if the processes to close are open., Interactive, with processes to close, with a close processes countdown if the user has no available deferrals, and a free disk space check., Interactive, with processes to close, with a close processes countdown irrespective of whether the user can defer or not, and a free disk space check., Interactive, with processes to close, with deferral allowed irrespective of whether processes to close are open, and a free disk space check., Interactive, with processes to close, with deferral allowed irrespective of whether processes to close are open, and with a close processes countdown if the user has no available deferrals., Interactive, with processes to close, with deferral allowed irrespective of whether processes to close are open, and with a close processes countdown irrespective of whether the user can defer or not., Interactive, with processes to close, with deferral allowed irrespective of whether processes to close are open, and with a continue/defer countdown depending on whether processes to close are open or not., Interactive, with processes to close, with deferral allowed irrespective of whether processes to close are open, with a close processes countdown if the user has no available deferrals, and a free disk space check., Interactive, with processes to close, with deferral allowed irrespective of whether processes to close are open, with a close processes countdown irrespective of whether the user can defer or not, and a free disk space check., Interactive, with processes to close, with deferral allowed irrespective of whether processes to close are open, with a continue/defer countdown depending on whether processes to close are open or not, and a free disk space check., Interactive, with processes to close, with deferral allowed only if the processes to close are open, and a free disk space check., Interactive, with processes to close, with deferral allowed only if the processes to close are open, and with a close processes countdown if the user has no available deferrals., Interactive, with processes to close, with deferral allowed only if the processes to close are open, and with a close processes countdown irrespective of whether the user can defer or not., Interactive, with processes to close, with deferral allowed only if the processes to close are open, and with a continue/defer countdown depending on whether processes to close are open or not., Interactive, with processes to close, with deferral allowed only if the processes to close are open, with a close processes countdown if the user has no available deferrals, and a free disk space check., Interactive, with processes to close, with deferral allowed only if the processes to close are open, with a close processes countdown irrespective of whether the user can defer or not, and a free disk space check., Interactive, with processes to close, with deferral allowed only if the processes to close are open, with a continue/defer countdown depending on whether processes to close are open or not, and a free disk space check.",FALSE,The location of the dialog on the screen.
Show-ADTInstallationWelcome,Show a welcome dialog prompting the user with information about the deployment and actions to be performed before the deployment can begin.,BlockExecution,SwitchParameter,FALSE,TRUE,,"Interactive, and with processes to close., Interactive, with processes to close, and a free disk space check., Interactive, with processes to close, and with a close processes countdown if the user has no available deferrals., Interactive, with processes to close, and with a close processes countdown irrespective of whether the user can defer or not., Interactive, with processes to close, and with deferral allowed irrespective of whether processes to close are open., Interactive, with processes to close, and with deferral allowed only if the processes to close are open., Interactive, with processes to close, with a close processes countdown if the user has no available deferrals, and a free disk space check., Interactive, with processes to close, with a close processes countdown irrespective of whether the user can defer or not, and a free disk space check., Interactive, with processes to close, with deferral allowed irrespective of whether processes to close are open, and a free disk space check., Interactive, with processes to close, with deferral allowed irrespective of whether processes to close are open, and with a close processes countdown if the user has no available deferrals., Interactive, with processes to close, with deferral allowed irrespective of whether processes to close are open, and with a close processes countdown irrespective of whether the user can defer or not., Interactive, with processes to close, with deferral allowed irrespective of whether processes to close are open, and with a continue/defer countdown depending on whether processes to close are open or not., Interactive, with processes to close, with deferral allowed irrespective of whether processes to close are open, with a close processes countdown if the user has no available deferrals, and a free disk space check., Interactive, with processes to close, with deferral allowed irrespective of whether processes to close are open, with a close processes countdown irrespective of whether the user can defer or not, and a free disk space check., Interactive, with processes to close, with deferral allowed irrespective of whether processes to close are open, with a continue/defer countdown depending on whether processes to close are open or not, and a free disk space check., Interactive, with processes to close, with deferral allowed only if the processes to close are open, and a free disk space check., Interactive, with processes to close, with deferral allowed only if the processes to close are open, and with a close processes countdown if the user has no available deferrals., Interactive, with processes to close, with deferral allowed only if the processes to close are open, and with a close processes countdown irrespective of whether the user can defer or not., Interactive, with processes to close, with deferral allowed only if the processes to close are open, and with a continue/defer countdown depending on whether processes to close are open or not., Interactive, with processes to close, with deferral allowed only if the processes to close are open, with a close processes countdown if the user has no available deferrals, and a free disk space check., Interactive, with processes to close, with deferral allowed only if the processes to close are open, with a close processes countdown irrespective of whether the user can defer or not, and a free disk space check., Interactive, with processes to close, with deferral allowed only if the processes to close are open, with a continue/defer countdown depending on whether processes to close are open or not, and a free disk space check., Silent, and with processes to close., Silent, with processes to close, and a free disk space check.",FALSE,"Option to prevent the user from launching processes/applications, specified in -CloseProcesses, during the deployment."
Show-ADTInstallationWelcome,Show a welcome dialog prompting the user with information about the deployment and actions to be performed before the deployment can begin.,PromptToSave,SwitchParameter,FALSE,TRUE,,"Interactive, and with processes to close., Interactive, with processes to close, and a free disk space check., Interactive, with processes to close, and with a close processes countdown if the user has no available deferrals., Interactive, with processes to close, and with a close processes countdown irrespective of whether the user can defer or not., Interactive, with processes to close, and with deferral allowed irrespective of whether processes to close are open., Interactive, with processes to close, and with deferral allowed only if the processes to close are open., Interactive, with processes to close, with a close processes countdown if the user has no available deferrals, and a free disk space check., Interactive, with processes to close, with a close processes countdown irrespective of whether the user can defer or not, and a free disk space check., Interactive, with processes to close, with deferral allowed irrespective of whether processes to close are open, and a free disk space check., Interactive, with processes to close, with deferral allowed irrespective of whether processes to close are open, and with a close processes countdown if the user has no available deferrals., Interactive, with processes to close, with deferral allowed irrespective of whether processes to close are open, and with a close processes countdown irrespective of whether the user can defer or not., Interactive, with processes to close, with deferral allowed irrespective of whether processes to close are open, and with a continue/defer countdown depending on whether processes to close are open or not., Interactive, with processes to close, with deferral allowed irrespective of whether processes to close are open, with a close processes countdown if the user has no available deferrals, and a free disk space check., Interactive, with processes to close, with deferral allowed irrespective of whether processes to close are open, with a close processes countdown irrespective of whether the user can defer or not, and a free disk space check., Interactive, with processes to close, with deferral allowed irrespective of whether processes to close are open, with a continue/defer countdown depending on whether processes to close are open or not, and a free disk space check., Interactive, with processes to close, with deferral allowed only if the processes to close are open, and a free disk space check., Interactive, with processes to close, with deferral allowed only if the processes to close are open, and with a close processes countdown if the user has no available deferrals., Interactive, with processes to close, with deferral allowed only if the processes to close are open, and with a close processes countdown irrespective of whether the user can defer or not., Interactive, with processes to close, with deferral allowed only if the processes to close are open, and with a continue/defer countdown depending on whether processes to close are open or not., Interactive, with processes to close, with deferral allowed only if the processes to close are open, with a close processes countdown if the user has no available deferrals, and a free disk space check., Interactive, with processes to close, with deferral allowed only if the processes to close are open, with a close processes countdown irrespective of whether the user can defer or not, and a free disk space check., Interactive, with processes to close, with deferral allowed only if the processes to close are open, with a continue/defer countdown depending on whether processes to close are open or not, and a free disk space check.",FALSE,"Specify whether to prompt to save working documents when the user chooses to close applications by selecting the ""Close Programs"" button. Option does not work in SYSTEM context unless toolkit launched with ""psexec.exe -s -i"" to run it as an interactive process under the SYSTEM account."
Show-ADTInstallationWelcome,Show a welcome dialog prompting the user with information about the deployment and actions to be performed before the deployment can begin.,PersistPrompt,SwitchParameter,FALSE,TRUE,,"Interactive, and with a free disk space check., Interactive, and with deferral allowed., Interactive, and with processes to close., Interactive, with deferral allowed, and a free disk space check., Interactive, with deferral allowed, and with a continue countdown irrespective of deferrals., Interactive, with deferral allowed, with a continue countdown irrespective of deferrals, and a free disk space check., Interactive, with no modifying options., Interactive, with processes to close, and a free disk space check., Interactive, with processes to close, and with a close processes countdown if the user has no available deferrals., Interactive, with processes to close, and with a close processes countdown irrespective of whether the user can defer or not., Interactive, with processes to close, and with deferral allowed irrespective of whether processes to close are open., Interactive, with processes to close, and with deferral allowed only if the processes to close are open., Interactive, with processes to close, with a close processes countdown if the user has no available deferrals, and a free disk space check., Interactive, with processes to close, with a close processes countdown irrespective of whether the user can defer or not, and a free disk space check., Interactive, with processes to close, with deferral allowed irrespective of whether processes to close are open, and a free disk space check., Interactive, with processes to close, with deferral allowed irrespective of whether processes to close are open, and with a close processes countdown if the user has no available deferrals., Interactive, with processes to close, with deferral allowed irrespective of whether processes to close are open, and with a close processes countdown irrespective of whether the user can defer or not., Interactive, with processes to close, with deferral allowed irrespective of whether processes to close are open, and with a continue/defer countdown depending on whether processes to close are open or not., Interactive, with processes to close, with deferral allowed irrespective of whether processes to close are open, with a close processes countdown if the user has no available deferrals, and a free disk space check., Interactive, with processes to close, with deferral allowed irrespective of whether processes to close are open, with a close processes countdown irrespective of whether the user can defer or not, and a free disk space check., Interactive, with processes to close, with deferral allowed irrespective of whether processes to close are open, with a continue/defer countdown depending on whether processes to close are open or not, and a free disk space check., Interactive, with processes to close, with deferral allowed only if the processes to close are open, and a free disk space check., Interactive, with processes to close, with deferral allowed only if the processes to close are open, and with a close processes countdown if the user has no available deferrals., Interactive, with processes to close, with deferral allowed only if the processes to close are open, and with a close processes countdown irrespective of whether the user can defer or not., Interactive, with processes to close, with deferral allowed only if the processes to close are open, and with a continue/defer countdown depending on whether processes to close are open or not., Interactive, with processes to close, with deferral allowed only if the processes to close are open, with a close processes countdown if the user has no available deferrals, and a free disk space check., Interactive, with processes to close, with deferral allowed only if the processes to close are open, with a close processes countdown irrespective of whether the user can defer or not, and a free disk space check., Interactive, with processes to close, with deferral allowed only if the processes to close are open, with a continue/defer countdown depending on whether processes to close are open or not, and a free disk space check.",FALSE,"Specify whether to make the Show-ADTInstallationWelcome prompt persist in the center of the screen every couple of seconds, specified in the config.psd1. The user will have no option but to respond to the prompt. This only takes effect if deferral is not allowed or has expired."
Show-ADTInstallationWelcome,Show a welcome dialog prompting the user with information about the deployment and actions to be performed before the deployment can begin.,MinimizeWindows,SwitchParameter,FALSE,TRUE,,"Interactive, and with a free disk space check., Interactive, and with deferral allowed., Interactive, and with processes to close., Interactive, with deferral allowed, and a free disk space check., Interactive, with deferral allowed, and with a continue countdown irrespective of deferrals., Interactive, with deferral allowed, with a continue countdown irrespective of deferrals, and a free disk space check., Interactive, with no modifying options., Interactive, with processes to close, and a free disk space check., Interactive, with processes to close, and with a close processes countdown if the user has no available deferrals., Interactive, with processes to close, and with a close processes countdown irrespective of whether the user can defer or not., Interactive, with processes to close, and with deferral allowed irrespective of whether processes to close are open., Interactive, with processes to close, and with deferral allowed only if the processes to close are open., Interactive, with processes to close, with a close processes countdown if the user has no available deferrals, and a free disk space check., Interactive, with processes to close, with a close processes countdown irrespective of whether the user can defer or not, and a free disk space check., Interactive, with processes to close, with deferral allowed irrespective of whether processes to close are open, and a free disk space check., Interactive, with processes to close, with deferral allowed irrespective of whether processes to close are open, and with a close processes countdown if the user has no available deferrals., Interactive, with processes to close, with deferral allowed irrespective of whether processes to close are open, and with a close processes countdown irrespective of whether the user can defer or not., Interactive, with processes to close, with deferral allowed irrespective of whether processes to close are open, and with a continue/defer countdown depending on whether processes to close are open or not., Interactive, with processes to close, with deferral allowed irrespective of whether processes to close are open, with a close processes countdown if the user has no available deferrals, and a free disk space check., Interactive, with processes to close, with deferral allowed irrespective of whether processes to close are open, with a close processes countdown irrespective of whether the user can defer or not, and a free disk space check., Interactive, with processes to close, with deferral allowed irrespective of whether processes to close are open, with a continue/defer countdown depending on whether processes to close are open or not, and a free disk space check., Interactive, with processes to close, with deferral allowed only if the processes to close are open, and a free disk space check., Interactive, with processes to close, with deferral allowed only if the processes to close are open, and with a close processes countdown if the user has no available deferrals., Interactive, with processes to close, with deferral allowed only if the processes to close are open, and with a close processes countdown irrespective of whether the user can defer or not., Interactive, with processes to close, with deferral allowed only if the processes to close are open, and with a continue/defer countdown depending on whether processes to close are open or not., Interactive, with processes to close, with deferral allowed only if the processes to close are open, with a close processes countdown if the user has no available deferrals, and a free disk space check., Interactive, with processes to close, with deferral allowed only if the processes to close are open, with a close processes countdown irrespective of whether the user can defer or not, and a free disk space check., Interactive, with processes to close, with deferral allowed only if the processes to close are open, with a continue/defer countdown depending on whether processes to close are open or not, and a free disk space check.",FALSE,Specifies whether to minimize other windows when displaying prompt.
Show-ADTInstallationWelcome,Show a welcome dialog prompting the user with information about the deployment and actions to be performed before the deployment can begin.,NoMinimizeWindows,SwitchParameter,FALSE,TRUE,,"Interactive, and with a free disk space check., Interactive, and with deferral allowed., Interactive, and with processes to close., Interactive, with deferral allowed, and a free disk space check., Interactive, with deferral allowed, and with a continue countdown irrespective of deferrals., Interactive, with deferral allowed, with a continue countdown irrespective of deferrals, and a free disk space check., Interactive, with no modifying options., Interactive, with processes to close, and a free disk space check., Interactive, with processes to close, and with a close processes countdown if the user has no available deferrals., Interactive, with processes to close, and with a close processes countdown irrespective of whether the user can defer or not., Interactive, with processes to close, and with deferral allowed irrespective of whether processes to close are open., Interactive, with processes to close, and with deferral allowed only if the processes to close are open., Interactive, with processes to close, with a close processes countdown if the user has no available deferrals, and a free disk space check., Interactive, with processes to close, with a close processes countdown irrespective of whether the user can defer or not, and a free disk space check., Interactive, with processes to close, with deferral allowed irrespective of whether processes to close are open, and a free disk space check., Interactive, with processes to close, with deferral allowed irrespective of whether processes to close are open, and with a close processes countdown if the user has no available deferrals., Interactive, with processes to close, with deferral allowed irrespective of whether processes to close are open, and with a close processes countdown irrespective of whether the user can defer or not., Interactive, with processes to close, with deferral allowed irrespective of whether processes to close are open, and with a continue/defer countdown depending on whether processes to close are open or not., Interactive, with processes to close, with deferral allowed irrespective of whether processes to close are open, with a close processes countdown if the user has no available deferrals, and a free disk space check., Interactive, with processes to close, with deferral allowed irrespective of whether processes to close are open, with a close processes countdown irrespective of whether the user can defer or not, and a free disk space check., Interactive, with processes to close, with deferral allowed irrespective of whether processes to close are open, with a continue/defer countdown depending on whether processes to close are open or not, and a free disk space check., Interactive, with processes to close, with deferral allowed only if the processes to close are open, and a free disk space check., Interactive, with processes to close, with deferral allowed only if the processes to close are open, and with a close processes countdown if the user has no available deferrals., Interactive, with processes to close, with deferral allowed only if the processes to close are open, and with a close processes countdown irrespective of whether the user can defer or not., Interactive, with processes to close, with deferral allowed only if the processes to close are open, and with a continue/defer countdown depending on whether processes to close are open or not., Interactive, with processes to close, with deferral allowed only if the processes to close are open, with a close processes countdown if the user has no available deferrals, and a free disk space check., Interactive, with processes to close, with deferral allowed only if the processes to close are open, with a close processes countdown irrespective of whether the user can defer or not, and a free disk space check., Interactive, with processes to close, with deferral allowed only if the processes to close are open, with a continue/defer countdown depending on whether processes to close are open or not, and a free disk space check.",FALSE,This parameter will be removed in PSAppDeployToolkit 4.2.0.
Show-ADTInstallationWelcome,Show a welcome dialog prompting the user with information about the deployment and actions to be performed before the deployment can begin.,NotTopMost,SwitchParameter,FALSE,TRUE,,"Interactive, and with a free disk space check., Interactive, and with deferral allowed., Interactive, and with processes to close., Interactive, with deferral allowed, and a free disk space check., Interactive, with deferral allowed, and with a continue countdown irrespective of deferrals., Interactive, with deferral allowed, with a continue countdown irrespective of deferrals, and a free disk space check., Interactive, with no modifying options., Interactive, with processes to close, and a free disk space check., Interactive, with processes to close, and with a close processes countdown if the user has no available deferrals., Interactive, with processes to close, and with a close processes countdown irrespective of whether the user can defer or not., Interactive, with processes to close, and with deferral allowed irrespective of whether processes to close are open., Interactive, with processes to close, and with deferral allowed only if the processes to close are open., Interactive, with processes to close, with a close processes countdown if the user has no available deferrals, and a free disk space check., Interactive, with processes to close, with a close processes countdown irrespective of whether the user can defer or not, and a free disk space check., Interactive, with processes to close, with deferral allowed irrespective of whether processes to close are open, and a free disk space check., Interactive, with processes to close, with deferral allowed irrespective of whether processes to close are open, and with a close processes countdown if the user has no available deferrals., Interactive, with processes to close, with deferral allowed irrespective of whether processes to close are open, and with a close processes countdown irrespective of whether the user can defer or not., Interactive, with processes to close, with deferral allowed irrespective of whether processes to close are open, and with a continue/defer countdown depending on whether processes to close are open or not., Interactive, with processes to close, with deferral allowed irrespective of whether processes to close are open, with a close processes countdown if the user has no available deferrals, and a free disk space check., Interactive, with processes to close, with deferral allowed irrespective of whether processes to close are open, with a close processes countdown irrespective of whether the user can defer or not, and a free disk space check., Interactive, with processes to close, with deferral allowed irrespective of whether processes to close are open, with a continue/defer countdown depending on whether processes to close are open or not, and a free disk space check., Interactive, with processes to close, with deferral allowed only if the processes to close are open, and a free disk space check., Interactive, with processes to close, with deferral allowed only if the processes to close are open, and with a close processes countdown if the user has no available deferrals., Interactive, with processes to close, with deferral allowed only if the processes to close are open, and with a close processes countdown irrespective of whether the user can defer or not., Interactive, with processes to close, with deferral allowed only if the processes to close are open, and with a continue/defer countdown depending on whether processes to close are open or not., Interactive, with processes to close, with deferral allowed only if the processes to close are open, with a close processes countdown if the user has no available deferrals, and a free disk space check., Interactive, with processes to close, with deferral allowed only if the processes to close are open, with a close processes countdown irrespective of whether the user can defer or not, and a free disk space check., Interactive, with processes to close, with deferral allowed only if the processes to close are open, with a continue/defer countdown depending on whether processes to close are open or not, and a free disk space check.",FALSE,Specifies whether the windows is the topmost window.
Show-ADTInstallationWelcome,Show a welcome dialog prompting the user with information about the deployment and actions to be performed before the deployment can begin.,AllowMove,SwitchParameter,FALSE,TRUE,,"Interactive, and with a free disk space check., Interactive, and with deferral allowed., Interactive, and with processes to close., Interactive, with deferral allowed, and a free disk space check., Interactive, with deferral allowed, and with a continue countdown irrespective of deferrals., Interactive, with deferral allowed, with a continue countdown irrespective of deferrals, and a free disk space check., Interactive, with no modifying options., Interactive, with processes to close, and a free disk space check., Interactive, with processes to close, and with a close processes countdown if the user has no available deferrals., Interactive, with processes to close, and with a close processes countdown irrespective of whether the user can defer or not., Interactive, with processes to close, and with deferral allowed irrespective of whether processes to close are open., Interactive, with processes to close, and with deferral allowed only if the processes to close are open., Interactive, with processes to close, with a close processes countdown if the user has no available deferrals, and a free disk space check., Interactive, with processes to close, with a close processes countdown irrespective of whether the user can defer or not, and a free disk space check., Interactive, with processes to close, with deferral allowed irrespective of whether processes to close are open, and a free disk space check., Interactive, with processes to close, with deferral allowed irrespective of whether processes to close are open, and with a close processes countdown if the user has no available deferrals., Interactive, with processes to close, with deferral allowed irrespective of whether processes to close are open, and with a close processes countdown irrespective of whether the user can defer or not., Interactive, with processes to close, with deferral allowed irrespective of whether processes to close are open, and with a continue/defer countdown depending on whether processes to close are open or not., Interactive, with processes to close, with deferral allowed irrespective of whether processes to close are open, with a close processes countdown if the user has no available deferrals, and a free disk space check., Interactive, with processes to close, with deferral allowed irrespective of whether processes to close are open, with a close processes countdown irrespective of whether the user can defer or not, and a free disk space check., Interactive, with processes to close, with deferral allowed irrespective of whether processes to close are open, with a continue/defer countdown depending on whether processes to close are open or not, and a free disk space check., Interactive, with processes to close, with deferral allowed only if the processes to close are open, and a free disk space check., Interactive, with processes to close, with deferral allowed only if the processes to close are open, and with a close processes countdown if the user has no available deferrals., Interactive, with processes to close, with deferral allowed only if the processes to close are open, and with a close processes countdown irrespective of whether the user can defer or not., Interactive, with processes to close, with deferral allowed only if the processes to close are open, and with a continue/defer countdown depending on whether processes to close are open or not., Interactive, with processes to close, with deferral allowed only if the processes to close are open, with a close processes countdown if the user has no available deferrals, and a free disk space check., Interactive, with processes to close, with deferral allowed only if the processes to close are open, with a close processes countdown irrespective of whether the user can defer or not, and a free disk space check., Interactive, with processes to close, with deferral allowed only if the processes to close are open, with a continue/defer countdown depending on whether processes to close are open or not, and a free disk space check.",FALSE,Specifies that the user can move the dialog on the screen.
Show-ADTInstallationWelcome,Show a welcome dialog prompting the user with information about the deployment and actions to be performed before the deployment can begin.,CustomText,SwitchParameter,FALSE,TRUE,,"Interactive, and with a free disk space check., Interactive, and with deferral allowed., Interactive, and with processes to close., Interactive, with deferral allowed, and a free disk space check., Interactive, with deferral allowed, and with a continue countdown irrespective of deferrals., Interactive, with deferral allowed, with a continue countdown irrespective of deferrals, and a free disk space check., Interactive, with no modifying options., Interactive, with processes to close, and a free disk space check., Interactive, with processes to close, and with a close processes countdown if the user has no available deferrals., Interactive, with processes to close, and with a close processes countdown irrespective of whether the user can defer or not., Interactive, with processes to close, and with deferral allowed irrespective of whether processes to close are open., Interactive, with processes to close, and with deferral allowed only if the processes to close are open., Interactive, with processes to close, with a close processes countdown if the user has no available deferrals, and a free disk space check., Interactive, with processes to close, with a close processes countdown irrespective of whether the user can defer or not, and a free disk space check., Interactive, with processes to close, with deferral allowed irrespective of whether processes to close are open, and a free disk space check., Interactive, with processes to close, with deferral allowed irrespective of whether processes to close are open, and with a close processes countdown if the user has no available deferrals., Interactive, with processes to close, with deferral allowed irrespective of whether processes to close are open, and with a close processes countdown irrespective of whether the user can defer or not., Interactive, with processes to close, with deferral allowed irrespective of whether processes to close are open, and with a continue/defer countdown depending on whether processes to close are open or not., Interactive, with processes to close, with deferral allowed irrespective of whether processes to close are open, with a close processes countdown if the user has no available deferrals, and a free disk space check., Interactive, with processes to close, with deferral allowed irrespective of whether processes to close are open, with a close processes countdown irrespective of whether the user can defer or not, and a free disk space check., Interactive, with processes to close, with deferral allowed irrespective of whether processes to close are open, with a continue/defer countdown depending on whether processes to close are open or not, and a free disk space check., Interactive, with processes to close, with deferral allowed only if the processes to close are open, and a free disk space check., Interactive, with processes to close, with deferral allowed only if the processes to close are open, and with a close processes countdown if the user has no available deferrals., Interactive, with processes to close, with deferral allowed only if the processes to close are open, and with a close processes countdown irrespective of whether the user can defer or not., Interactive, with processes to close, with deferral allowed only if the processes to close are open, and with a continue/defer countdown depending on whether processes to close are open or not., Interactive, with processes to close, with deferral allowed only if the processes to close are open, with a close processes countdown if the user has no available deferrals, and a free disk space check., Interactive, with processes to close, with deferral allowed only if the processes to close are open, with a close processes countdown irrespective of whether the user can defer or not, and a free disk space check., Interactive, with processes to close, with deferral allowed only if the processes to close are open, with a continue/defer countdown depending on whether processes to close are open or not, and a free disk space check.",FALSE,Specify whether to display a custom message as specified in the `strings.psd1` file below the main preamble. Custom message must be populated for each language section in the `strings.psd1` file.
Show-ADTInstallationWelcome,Show a welcome dialog prompting the user with information about the deployment and actions to be performed before the deployment can begin.,CheckDiskSpace,SwitchParameter,TRUE,TRUE,,"Interactive, and with a free disk space check., Interactive, with deferral allowed, and a free disk space check., Interactive, with deferral allowed, with a continue countdown irrespective of deferrals, and a free disk space check., Interactive, with processes to close, and a free disk space check., Interactive, with processes to close, with a close processes countdown if the user has no available deferrals, and a free disk space check., Interactive, with processes to close, with a close processes countdown irrespective of whether the user can defer or not, and a free disk space check., Interactive, with processes to close, with deferral allowed irrespective of whether processes to close are open, and a free disk space check., Interactive, with processes to close, with deferral allowed irrespective of whether processes to close are open, with a close processes countdown if the user has no available deferrals, and a free disk space check., Interactive, with processes to close, with deferral allowed irrespective of whether processes to close are open, with a close processes countdown irrespective of whether the user can defer or not, and a free disk space check., Interactive, with processes to close, with deferral allowed irrespective of whether processes to close are open, with a continue/defer countdown depending on whether processes to close are open or not, and a free disk space check., Interactive, with processes to close, with deferral allowed only if the processes to close are open, and a free disk space check., Interactive, with processes to close, with deferral allowed only if the processes to close are open, with a close processes countdown if the user has no available deferrals, and a free disk space check., Interactive, with processes to close, with deferral allowed only if the processes to close are open, with a close processes countdown irrespective of whether the user can defer or not, and a free disk space check., Interactive, with processes to close, with deferral allowed only if the processes to close are open, with a continue/defer countdown depending on whether processes to close are open or not, and a free disk space check., Silent, and with a free disk space check., Silent, with processes to close, and a free disk space check.",FALSE,"Specify whether to check if there is enough disk space for the deployment to proceed. If this parameter is specified without the RequiredDiskSpace parameter, the required disk space is calculated automatically based on the size of the script source and associated files."
Show-ADTInstallationWelcome,Show a welcome dialog prompting the user with information about the deployment and actions to be performed before the deployment can begin.,RequiredDiskSpace,Nullable`1,FALSE,FALSE,,"Interactive, and with a free disk space check., Interactive, with deferral allowed, and a free disk space check., Interactive, with deferral allowed, with a continue countdown irrespective of deferrals, and a free disk space check., Interactive, with processes to close, and a free disk space check., Interactive, with processes to close, with a close processes countdown if the user has no available deferrals, and a free disk space check., Interactive, with processes to close, with a close processes countdown irrespective of whether the user can defer or not, and a free disk space check., Interactive, with processes to close, with deferral allowed irrespective of whether processes to close are open, and a free disk space check., Interactive, with processes to close, with deferral allowed irrespective of whether processes to close are open, with a close processes countdown if the user has no available deferrals, and a free disk space check., Interactive, with processes to close, with deferral allowed irrespective of whether processes to close are open, with a close processes countdown irrespective of whether the user can defer or not, and a free disk space check., Interactive, with processes to close, with deferral allowed irrespective of whether processes to close are open, with a continue/defer countdown depending on whether processes to close are open or not, and a free disk space check., Interactive, with processes to close, with deferral allowed only if the processes to close are open, and a free disk space check., Interactive, with processes to close, with deferral allowed only if the processes to close are open, with a close processes countdown if the user has no available deferrals, and a free disk space check., Interactive, with processes to close, with deferral allowed only if the processes to close are open, with a close processes countdown irrespective of whether the user can defer or not, and a free disk space check., Interactive, with processes to close, with deferral allowed only if the processes to close are open, with a continue/defer countdown depending on whether processes to close are open or not, and a free disk space check., Silent, and with a free disk space check., Silent, with processes to close, and a free disk space check.",FALSE,"Specify required disk space in MB, used in combination with CheckDiskSpace."
Show-ADTInstallationWelcome,Show a welcome dialog prompting the user with information about the deployment and actions to be performed before the deployment can begin.,Title,String,TRUE,FALSE,,__AllParameterSets,FALSE,
Show-ADTInstallationWelcome,Show a welcome dialog prompting the user with information about the deployment and actions to be performed before the deployment can begin.,Subtitle,String,TRUE,FALSE,,__AllParameterSets,FALSE,
Start-ADTMsiProcess,"Executes msiexec.exe to perform actions such as install, uninstall, patch, repair, or active setup for MSI and MSP files or MSI product codes.",Action,String,FALSE,FALSE,,__AllParameterSets,FALSE,"Specifies the action to be performed. Available options: Install, Uninstall, Patch, Repair, ActiveSetup."
Start-ADTMsiProcess,"Executes msiexec.exe to perform actions such as install, uninstall, patch, repair, or active setup for MSI and MSP files or MSI product codes.",FilePath,String,TRUE,FALSE,,"FilePath, FilePath_NoWait, RunAsActiveUser_FilePath, RunAsActiveUser_FilePath_NoWait, UseUnelevatedToken_FilePath, UseUnelevatedToken_FilePath_NoWait",TRUE,"The file path to the MSI/MSP file. If the specified FilePath is just a file name, the function will look within `$adtSession.DirFiles` for the specified file, so long as a session is active."
Start-ADTMsiProcess,"Executes msiexec.exe to perform actions such as install, uninstall, patch, repair, or active setup for MSI and MSP files or MSI product codes.",ProductCode,Guid,TRUE,FALSE,,"ProductCode, ProductCode_NoWait, RunAsActiveUser_ProductCode, RunAsActiveUser_ProductCode_NoWait, UseUnelevatedToken_ProductCode, UseUnelevatedToken_ProductCode_NoWait",TRUE,The product code of the installed MSI.
Start-ADTMsiProcess,"Executes msiexec.exe to perform actions such as install, uninstall, patch, repair, or active setup for MSI and MSP files or MSI product codes.",InstalledApplication,InstalledApplication,TRUE,FALSE,,"InstalledApplication, InstalledApplication_NoWait, RunAsActiveUser_InstalledApplication, RunAsActiveUser_InstalledApplication_NoWait, UseUnelevatedToken_InstalledApplication, UseUnelevatedToken_InstalledApplication_NoWait",TRUE,The InstalledApplication object of the installed MSI.
Start-ADTMsiProcess,"Executes msiexec.exe to perform actions such as install, uninstall, patch, repair, or active setup for MSI and MSP files or MSI product codes.",ArgumentList,String[],FALSE,FALSE,,__AllParameterSets,FALSE,Overrides the default parameters specified in the config.psd1 file.
Start-ADTMsiProcess,"Executes msiexec.exe to perform actions such as install, uninstall, patch, repair, or active setup for MSI and MSP files or MSI product codes.",AdditionalArgumentList,String[],FALSE,FALSE,,__AllParameterSets,FALSE,Adds additional parameters to the default set specified in the config.psd1 file.
Start-ADTMsiProcess,"Executes msiexec.exe to perform actions such as install, uninstall, patch, repair, or active setup for MSI and MSP files or MSI product codes.",SecureArgumentList,SwitchParameter,FALSE,TRUE,,__AllParameterSets,FALSE,Hides all parameters passed to the MSI or MSP file from the toolkit log file.
Start-ADTMsiProcess,"Executes msiexec.exe to perform actions such as install, uninstall, patch, repair, or active setup for MSI and MSP files or MSI product codes.",WorkingDirectory,String,FALSE,FALSE,,__AllParameterSets,FALSE,Overrides the working directory. The working directory is set to the location of the MSI file.
Start-ADTMsiProcess,"Executes msiexec.exe to perform actions such as install, uninstall, patch, repair, or active setup for MSI and MSP files or MSI product codes.",Transforms,String[],FALSE,FALSE,,__AllParameterSets,FALSE,The name(s) of the transform file(s) to be applied to the MSI. The transform files should be in the same directory as the MSI file.
Start-ADTMsiProcess,"Executes msiexec.exe to perform actions such as install, uninstall, patch, repair, or active setup for MSI and MSP files or MSI product codes.",Patches,String[],FALSE,FALSE,,__AllParameterSets,FALSE,"The name(s) of the patch (MSP) file(s) to be applied to the MSI for the ""Install"" action. The patch files should be in the same directory as the MSI file."
Start-ADTMsiProcess,"Executes msiexec.exe to perform actions such as install, uninstall, patch, repair, or active setup for MSI and MSP files or MSI product codes.",RunAsActiveUser,RunAsActiveUser,TRUE,FALSE,,"RunAsActiveUser_FilePath, RunAsActiveUser_FilePath_NoWait, RunAsActiveUser_InstalledApplication, RunAsActiveUser_InstalledApplication_NoWait, RunAsActiveUser_ProductCode, RunAsActiveUser_ProductCode_NoWait",FALSE,A RunAsActiveUser object to invoke the process as.
Start-ADTMsiProcess,"Executes msiexec.exe to perform actions such as install, uninstall, patch, repair, or active setup for MSI and MSP files or MSI product codes.",UseLinkedAdminToken,SwitchParameter,FALSE,TRUE,,"RunAsActiveUser_FilePath, RunAsActiveUser_FilePath_NoWait, RunAsActiveUser_InstalledApplication, RunAsActiveUser_InstalledApplication_NoWait, RunAsActiveUser_ProductCode, RunAsActiveUser_ProductCode_NoWait",FALSE,Use a user's linked administrative token while running the process under their context.
Start-ADTMsiProcess,"Executes msiexec.exe to perform actions such as install, uninstall, patch, repair, or active setup for MSI and MSP files or MSI product codes.",UseHighestAvailableToken,SwitchParameter,FALSE,TRUE,,"RunAsActiveUser_FilePath, RunAsActiveUser_FilePath_NoWait, RunAsActiveUser_InstalledApplication, RunAsActiveUser_InstalledApplication_NoWait, RunAsActiveUser_ProductCode, RunAsActiveUser_ProductCode_NoWait",FALSE,Use a user's linked administrative token if it's available while running the process under their context.
Start-ADTMsiProcess,"Executes msiexec.exe to perform actions such as install, uninstall, patch, repair, or active setup for MSI and MSP files or MSI product codes.",InheritEnvironmentVariables,SwitchParameter,FALSE,TRUE,,"RunAsActiveUser_FilePath, RunAsActiveUser_FilePath_NoWait, RunAsActiveUser_InstalledApplication, RunAsActiveUser_InstalledApplication_NoWait, RunAsActiveUser_ProductCode, RunAsActiveUser_ProductCode_NoWait",FALSE,Specifies whether the process running as a user should inherit the SYSTEM account's environment variables.
Start-ADTMsiProcess,"Executes msiexec.exe to perform actions such as install, uninstall, patch, repair, or active setup for MSI and MSP files or MSI product codes.",DenyUserTermination,SwitchParameter,FALSE,TRUE,,"RunAsActiveUser_FilePath, RunAsActiveUser_FilePath_NoWait, RunAsActiveUser_InstalledApplication, RunAsActiveUser_InstalledApplication_NoWait, RunAsActiveUser_ProductCode, RunAsActiveUser_ProductCode_NoWait",FALSE,"Specifies that users cannot terminate the process started in their context. The user will still be able to terminate the process if they're an administrator, though."
Start-ADTMsiProcess,"Executes msiexec.exe to perform actions such as install, uninstall, patch, repair, or active setup for MSI and MSP files or MSI product codes.",UseUnelevatedToken,SwitchParameter,TRUE,TRUE,,"UseUnelevatedToken_FilePath, UseUnelevatedToken_FilePath_NoWait, UseUnelevatedToken_InstalledApplication, UseUnelevatedToken_InstalledApplication_NoWait, UseUnelevatedToken_ProductCode, UseUnelevatedToken_ProductCode_NoWait",FALSE,"If the current process is elevated, starts the new process unelevated using the user's unelevated linked token."
Start-ADTMsiProcess,"Executes msiexec.exe to perform actions such as install, uninstall, patch, repair, or active setup for MSI and MSP files or MSI product codes.",ExpandEnvironmentVariables,SwitchParameter,FALSE,TRUE,,__AllParameterSets,FALSE,Specifies whether to expand any Windows/DOS-style environment variables in the specified FilePath/ArgumentList.
Start-ADTMsiProcess,"Executes msiexec.exe to perform actions such as install, uninstall, patch, repair, or active setup for MSI and MSP files or MSI product codes.",LoggingOptions,String,FALSE,FALSE,,__AllParameterSets,FALSE,Overrides the default logging options specified in the config.psd1 file.
Start-ADTMsiProcess,"Executes msiexec.exe to perform actions such as install, uninstall, patch, repair, or active setup for MSI and MSP files or MSI product codes.",LogFileName,String,FALSE,FALSE,,__AllParameterSets,FALSE,"Overrides the default log file name. The default log file name is generated from the MSI file name. If LogFileName does not end in .log, it will be automatically appended. For uninstallations, by default the product code is resolved to the DisplayName and version of the application."
Start-ADTMsiProcess,"Executes msiexec.exe to perform actions such as install, uninstall, patch, repair, or active setup for MSI and MSP files or MSI product codes.",RepairMode,String,FALSE,FALSE,,__AllParameterSets,FALSE,Specifies the mode of repair. Choosing `Repair` will repair via `msiexec.exe /p` (which can trigger unsupressable reboots). Choosing `Reinstall` will reinstall by adding `REINSTALL=ALL REINSTALLMODE=omus` to the standard InstallParams.
Start-ADTMsiProcess,"Executes msiexec.exe to perform actions such as install, uninstall, patch, repair, or active setup for MSI and MSP files or MSI product codes.",RepairFromSource,SwitchParameter,FALSE,TRUE,,__AllParameterSets,FALSE,Specifies whether we should repair from source. Also rewrites local cache.
Start-ADTMsiProcess,"Executes msiexec.exe to perform actions such as install, uninstall, patch, repair, or active setup for MSI and MSP files or MSI product codes.",SkipMSIAlreadyInstalledCheck,SwitchParameter,FALSE,TRUE,,__AllParameterSets,FALSE,Skips the check to determine if the MSI is already installed on the system.
Start-ADTMsiProcess,"Executes msiexec.exe to perform actions such as install, uninstall, patch, repair, or active setup for MSI and MSP files or MSI product codes.",IncludeUpdatesAndHotfixes,SwitchParameter,FALSE,TRUE,,__AllParameterSets,FALSE,Include matches against updates and hotfixes in results.
Start-ADTMsiProcess,"Executes msiexec.exe to perform actions such as install, uninstall, patch, repair, or active setup for MSI and MSP files or MSI product codes.",SuccessExitCodes,Int32[],FALSE,FALSE,,"FilePath, InstalledApplication, ProductCode, RunAsActiveUser_FilePath, RunAsActiveUser_InstalledApplication, RunAsActiveUser_ProductCode, UseUnelevatedToken_FilePath, UseUnelevatedToken_InstalledApplication, UseUnelevatedToken_ProductCode",FALSE,"List of exit codes to be considered successful. Defaults to values set during ADTSession initialization, otherwise: 0"
Start-ADTMsiProcess,"Executes msiexec.exe to perform actions such as install, uninstall, patch, repair, or active setup for MSI and MSP files or MSI product codes.",RebootExitCodes,Int32[],FALSE,FALSE,,"FilePath, InstalledApplication, ProductCode, RunAsActiveUser_FilePath, RunAsActiveUser_InstalledApplication, RunAsActiveUser_ProductCode, UseUnelevatedToken_FilePath, UseUnelevatedToken_InstalledApplication, UseUnelevatedToken_ProductCode",FALSE,"List of exit codes to indicate a reboot is required. Defaults to values set during ADTSession initialization, otherwise: 1641, 3010"
Start-ADTMsiProcess,"Executes msiexec.exe to perform actions such as install, uninstall, patch, repair, or active setup for MSI and MSP files or MSI product codes.",IgnoreExitCodes,String[],FALSE,FALSE,,"FilePath, InstalledApplication, ProductCode, RunAsActiveUser_FilePath, RunAsActiveUser_InstalledApplication, RunAsActiveUser_ProductCode, UseUnelevatedToken_FilePath, UseUnelevatedToken_InstalledApplication, UseUnelevatedToken_ProductCode",FALSE,List the exit codes to ignore or * to ignore all exit codes.
Start-ADTMsiProcess,"Executes msiexec.exe to perform actions such as install, uninstall, patch, repair, or active setup for MSI and MSP files or MSI product codes.",PriorityClass,ProcessPriorityClass,FALSE,FALSE,,__AllParameterSets,FALSE,"Specifies priority class for the process. Options: Idle, Normal, High, AboveNormal, BelowNormal, RealTime."
Start-ADTMsiProcess,"Executes msiexec.exe to perform actions such as install, uninstall, patch, repair, or active setup for MSI and MSP files or MSI product codes.",ExitOnProcessFailure,SwitchParameter,FALSE,TRUE,,"FilePath, InstalledApplication, ProductCode, RunAsActiveUser_FilePath, RunAsActiveUser_InstalledApplication, RunAsActiveUser_ProductCode, UseUnelevatedToken_FilePath, UseUnelevatedToken_InstalledApplication, UseUnelevatedToken_ProductCode",FALSE,Automatically closes the active deployment session via Close-ADTSession in the event the process exits with a non-success or non-ignored exit code.
Start-ADTMsiProcess,"Executes msiexec.exe to perform actions such as install, uninstall, patch, repair, or active setup for MSI and MSP files or MSI product codes.",NoDesktopRefresh,SwitchParameter,FALSE,TRUE,,__AllParameterSets,FALSE,"If specifies, doesn't refresh the desktop and environment after successful MSI installation."
Start-ADTMsiProcess,"Executes msiexec.exe to perform actions such as install, uninstall, patch, repair, or active setup for MSI and MSP files or MSI product codes.",NoWait,SwitchParameter,TRUE,TRUE,,"FilePath_NoWait, InstalledApplication_NoWait, ProductCode_NoWait, RunAsActiveUser_FilePath_NoWait, RunAsActiveUser_InstalledApplication_NoWait, RunAsActiveUser_ProductCode_NoWait, UseUnelevatedToken_FilePath_NoWait, UseUnelevatedToken_InstalledApplication_NoWait, UseUnelevatedToken_ProductCode_NoWait",FALSE,Immediately continue after executing the process.
Start-ADTMsiProcess,"Executes msiexec.exe to perform actions such as install, uninstall, patch, repair, or active setup for MSI and MSP files or MSI product codes.",PassThru,SwitchParameter,FALSE,TRUE,,__AllParameterSets,FALSE,"Returns ExitCode, StdOut, and StdErr output from the process. Note that a failed execution will only return an object if either `-ErrorAction` is set to `SilentlyContinue`/`Ignore`, or if `-IgnoreExitCodes`/`-SuccessExitCodes` are used."
Start-ADTMsiProcessAsUser,"Executes msiexec.exe to perform actions such as install, uninstall, patch, repair, or active setup for MSI and MSP files or MSI product codes.",Username,NTAccount,FALSE,FALSE,,__AllParameterSets,FALSE,A username to invoke the process as. Only supported while running as the SYSTEM account.
Start-ADTMsiProcessAsUser,"Executes msiexec.exe to perform actions such as install, uninstall, patch, repair, or active setup for MSI and MSP files or MSI product codes.",Action,String,FALSE,FALSE,,__AllParameterSets,FALSE,"Specifies the action to be performed. Available options: Install, Uninstall, Patch, Repair, ActiveSetup."
Start-ADTMsiProcessAsUser,"Executes msiexec.exe to perform actions such as install, uninstall, patch, repair, or active setup for MSI and MSP files or MSI product codes.",FilePath,String,TRUE,FALSE,,"FilePath, FilePath_NoWait",TRUE,The file path to the MSI/MSP file.
Start-ADTMsiProcessAsUser,"Executes msiexec.exe to perform actions such as install, uninstall, patch, repair, or active setup for MSI and MSP files or MSI product codes.",ProductCode,Guid,TRUE,FALSE,,"ProductCode, ProductCode_NoWait",TRUE,The product code of the installed MSI.
Start-ADTMsiProcessAsUser,"Executes msiexec.exe to perform actions such as install, uninstall, patch, repair, or active setup for MSI and MSP files or MSI product codes.",InstalledApplication,InstalledApplication,TRUE,FALSE,,"InstalledApplication, InstalledApplication_NoWait",TRUE,The InstalledApplication object of the installed MSI.
Start-ADTMsiProcessAsUser,"Executes msiexec.exe to perform actions such as install, uninstall, patch, repair, or active setup for MSI and MSP files or MSI product codes.",ArgumentList,String[],FALSE,FALSE,,__AllParameterSets,FALSE,Overrides the default parameters specified in the config.psd1 file.
Start-ADTMsiProcessAsUser,"Executes msiexec.exe to perform actions such as install, uninstall, patch, repair, or active setup for MSI and MSP files or MSI product codes.",AdditionalArgumentList,String[],FALSE,FALSE,,__AllParameterSets,FALSE,Adds additional parameters to the default set specified in the config.psd1 file.
Start-ADTMsiProcessAsUser,"Executes msiexec.exe to perform actions such as install, uninstall, patch, repair, or active setup for MSI and MSP files or MSI product codes.",SecureArgumentList,SwitchParameter,FALSE,TRUE,,__AllParameterSets,FALSE,Hides all parameters passed to the MSI or MSP file from the toolkit log file.
Start-ADTMsiProcessAsUser,"Executes msiexec.exe to perform actions such as install, uninstall, patch, repair, or active setup for MSI and MSP files or MSI product codes.",WorkingDirectory,String,FALSE,FALSE,,__AllParameterSets,FALSE,Overrides the working directory. The working directory is set to the location of the MSI file.
Start-ADTMsiProcessAsUser,"Executes msiexec.exe to perform actions such as install, uninstall, patch, repair, or active setup for MSI and MSP files or MSI product codes.",Transforms,String[],FALSE,FALSE,,__AllParameterSets,FALSE,The name(s) of the transform file(s) to be applied to the MSI. The transform files should be in the same directory as the MSI file.
Start-ADTMsiProcessAsUser,"Executes msiexec.exe to perform actions such as install, uninstall, patch, repair, or active setup for MSI and MSP files or MSI product codes.",Patches,String[],FALSE,FALSE,,__AllParameterSets,FALSE,"The name(s) of the patch (MSP) file(s) to be applied to the MSI for the ""Install"" action. The patch files should be in the same directory as the MSI file."
Start-ADTMsiProcessAsUser,"Executes msiexec.exe to perform actions such as install, uninstall, patch, repair, or active setup for MSI and MSP files or MSI product codes.",UseLinkedAdminToken,SwitchParameter,FALSE,TRUE,,__AllParameterSets,FALSE,Use a user's linked administrative token while running the process under their context.
Start-ADTMsiProcessAsUser,"Executes msiexec.exe to perform actions such as install, uninstall, patch, repair, or active setup for MSI and MSP files or MSI product codes.",UseHighestAvailableToken,SwitchParameter,FALSE,TRUE,,__AllParameterSets,FALSE,Use a user's linked administrative token if it's available while running the process under their context.
Start-ADTMsiProcessAsUser,"Executes msiexec.exe to perform actions such as install, uninstall, patch, repair, or active setup for MSI and MSP files or MSI product codes.",InheritEnvironmentVariables,SwitchParameter,FALSE,TRUE,,__AllParameterSets,FALSE,Specifies whether the process running as a user should inherit the SYSTEM account's environment variables.
Start-ADTMsiProcessAsUser,"Executes msiexec.exe to perform actions such as install, uninstall, patch, repair, or active setup for MSI and MSP files or MSI product codes.",ExpandEnvironmentVariables,SwitchParameter,FALSE,TRUE,,__AllParameterSets,FALSE,Specifies whether to expand any Windows/DOS-style environment variables in the specified FilePath/ArgumentList.
Start-ADTMsiProcessAsUser,"Executes msiexec.exe to perform actions such as install, uninstall, patch, repair, or active setup for MSI and MSP files or MSI product codes.",DenyUserTermination,SwitchParameter,FALSE,TRUE,,__AllParameterSets,FALSE,"Specifies that users cannot terminate the process started in their context. The user will still be able to terminate the process if they're an administrator, though."
Start-ADTMsiProcessAsUser,"Executes msiexec.exe to perform actions such as install, uninstall, patch, repair, or active setup for MSI and MSP files or MSI product codes.",LoggingOptions,String,FALSE,FALSE,,__AllParameterSets,FALSE,Overrides the default logging options specified in the config.psd1 file.
Start-ADTMsiProcessAsUser,"Executes msiexec.exe to perform actions such as install, uninstall, patch, repair, or active setup for MSI and MSP files or MSI product codes.",LogFileName,String,FALSE,FALSE,,__AllParameterSets,FALSE,"Overrides the default log file name. The default log file name is generated from the MSI file name. If LogFileName does not end in .log, it will be automatically appended. For uninstallations, by default the product code is resolved to the DisplayName and version of the application."
Start-ADTMsiProcessAsUser,"Executes msiexec.exe to perform actions such as install, uninstall, patch, repair, or active setup for MSI and MSP files or MSI product codes.",RepairMode,String,FALSE,FALSE,,__AllParameterSets,FALSE,Specifies the mode of repair. Choosing `Repair` will repair via `msiexec.exe /p` (which can trigger unsupressable reboots). Choosing `Reinstall` will reinstall by adding `REINSTALL=ALL REINSTALLMODE=omus` to the standard InstallParams.
Start-ADTMsiProcessAsUser,"Executes msiexec.exe to perform actions such as install, uninstall, patch, repair, or active setup for MSI and MSP files or MSI product codes.",RepairFromSource,SwitchParameter,FALSE,TRUE,,__AllParameterSets,FALSE,Specifies whether we should repair from source. Also rewrites local cache.
Start-ADTMsiProcessAsUser,"Executes msiexec.exe to perform actions such as install, uninstall, patch, repair, or active setup for MSI and MSP files or MSI product codes.",SkipMSIAlreadyInstalledCheck,SwitchParameter,FALSE,TRUE,,__AllParameterSets,FALSE,Skips the check to determine if the MSI is already installed on the system.
Start-ADTMsiProcessAsUser,"Executes msiexec.exe to perform actions such as install, uninstall, patch, repair, or active setup for MSI and MSP files or MSI product codes.",IncludeUpdatesAndHotfixes,SwitchParameter,FALSE,TRUE,,__AllParameterSets,FALSE,Include matches against updates and hotfixes in results.
Start-ADTMsiProcessAsUser,"Executes msiexec.exe to perform actions such as install, uninstall, patch, repair, or active setup for MSI and MSP files or MSI product codes.",SuccessExitCodes,Int32[],FALSE,FALSE,,"FilePath, InstalledApplication, ProductCode",FALSE,"List of exit codes to be considered successful. Defaults to values set during ADTSession initialization, otherwise: 0"
Start-ADTMsiProcessAsUser,"Executes msiexec.exe to perform actions such as install, uninstall, patch, repair, or active setup for MSI and MSP files or MSI product codes.",RebootExitCodes,Int32[],FALSE,FALSE,,"FilePath, InstalledApplication, ProductCode",FALSE,"List of exit codes to indicate a reboot is required. Defaults to values set during ADTSession initialization, otherwise: 1641, 3010"
Start-ADTMsiProcessAsUser,"Executes msiexec.exe to perform actions such as install, uninstall, patch, repair, or active setup for MSI and MSP files or MSI product codes.",IgnoreExitCodes,String[],FALSE,FALSE,,"FilePath, InstalledApplication, ProductCode",FALSE,List the exit codes to ignore or * to ignore all exit codes.
Start-ADTMsiProcessAsUser,"Executes msiexec.exe to perform actions such as install, uninstall, patch, repair, or active setup for MSI and MSP files or MSI product codes.",PriorityClass,ProcessPriorityClass,FALSE,FALSE,,__AllParameterSets,FALSE,"Specifies priority class for the process. Options: Idle, Normal, High, AboveNormal, BelowNormal, RealTime."
Start-ADTMsiProcessAsUser,"Executes msiexec.exe to perform actions such as install, uninstall, patch, repair, or active setup for MSI and MSP files or MSI product codes.",ExitOnProcessFailure,SwitchParameter,FALSE,TRUE,,"FilePath, InstalledApplication, ProductCode",FALSE,Automatically closes the active deployment session via Close-ADTSession in the event the process exits with a non-success or non-ignored exit code.
Start-ADTMsiProcessAsUser,"Executes msiexec.exe to perform actions such as install, uninstall, patch, repair, or active setup for MSI and MSP files or MSI product codes.",NoDesktopRefresh,SwitchParameter,FALSE,TRUE,,__AllParameterSets,FALSE,"If specifies, doesn't refresh the desktop and environment after successful MSI installation."
Start-ADTMsiProcessAsUser,"Executes msiexec.exe to perform actions such as install, uninstall, patch, repair, or active setup for MSI and MSP files or MSI product codes.",NoWait,SwitchParameter,TRUE,TRUE,,"FilePath_NoWait, InstalledApplication_NoWait, ProductCode_NoWait",FALSE,Immediately continue after executing the process.
Start-ADTMsiProcessAsUser,"Executes msiexec.exe to perform actions such as install, uninstall, patch, repair, or active setup for MSI and MSP files or MSI product codes.",PassThru,SwitchParameter,FALSE,TRUE,,__AllParameterSets,FALSE,"Returns ExitCode, StdOut, and StdErr output from the process. Note that a failed execution will only return an object if either `-ErrorAction` is set to `SilentlyContinue`/`Ignore`, or if `-IgnoreExitCodes`/`-SuccessExitCodes` are used."
Start-ADTMspProcess,Executes an MSP file using the same logic as Start-ADTMsiProcess.,FilePath,String,TRUE,FALSE,,__AllParameterSets,FALSE,Path to the MSP file.
Start-ADTMspProcess,Executes an MSP file using the same logic as Start-ADTMsiProcess.,AdditionalArgumentList,String[],FALSE,FALSE,,__AllParameterSets,FALSE,Additional parameters.
Start-ADTMspProcess,Executes an MSP file using the same logic as Start-ADTMsiProcess.,SecureArgumentList,SwitchParameter,FALSE,TRUE,,__AllParameterSets,FALSE,Hides all parameters passed to the MSI or MSP file from the toolkit log file.
Start-ADTMspProcess,Executes an MSP file using the same logic as Start-ADTMsiProcess.,RunAsActiveUser,RunAsActiveUser,TRUE,FALSE,,RunAsActiveUser,FALSE,A RunAsActiveUser object to invoke the process as.
Start-ADTMspProcess,Executes an MSP file using the same logic as Start-ADTMsiProcess.,UseLinkedAdminToken,SwitchParameter,FALSE,TRUE,,RunAsActiveUser,FALSE,Use a user's linked administrative token while running the process under their context.
Start-ADTMspProcess,Executes an MSP file using the same logic as Start-ADTMsiProcess.,UseHighestAvailableToken,SwitchParameter,FALSE,TRUE,,RunAsActiveUser,FALSE,Use a user's linked administrative token if it's available while running the process under their context.
Start-ADTMspProcess,Executes an MSP file using the same logic as Start-ADTMsiProcess.,InheritEnvironmentVariables,SwitchParameter,FALSE,TRUE,,RunAsActiveUser,FALSE,Specifies whether the process running as a user should inherit the SYSTEM account's environment variables.
Start-ADTMspProcess,Executes an MSP file using the same logic as Start-ADTMsiProcess.,DenyUserTermination,SwitchParameter,FALSE,TRUE,,RunAsActiveUser,FALSE,"Specifies that users cannot terminate the process started in their context. The user will still be able to terminate the process if they're an administrator, though."
Start-ADTMspProcess,Executes an MSP file using the same logic as Start-ADTMsiProcess.,UseUnelevatedToken,SwitchParameter,TRUE,TRUE,,UseUnelevatedToken,FALSE,"If the current process is elevated, starts the new process unelevated using the user's unelevated linked token."
Start-ADTMspProcess,Executes an MSP file using the same logic as Start-ADTMsiProcess.,ExpandEnvironmentVariables,SwitchParameter,FALSE,TRUE,,__AllParameterSets,FALSE,Specifies whether to expand any Windows/DOS-style environment variables in the specified FilePath/ArgumentList.
Start-ADTMspProcess,Executes an MSP file using the same logic as Start-ADTMsiProcess.,LoggingOptions,String,FALSE,FALSE,,__AllParameterSets,FALSE,Overrides the default logging options specified in the config.psd1 file.
Start-ADTMspProcess,Executes an MSP file using the same logic as Start-ADTMsiProcess.,LogFileName,String,FALSE,FALSE,,__AllParameterSets,FALSE,"Overrides the default log file name. The default log file name is generated from the MSI file name. If LogFileName does not end in .log, it will be automatically appended. For uninstallations, by default the product code is resolved to the DisplayName and version of the application."
Start-ADTMspProcess,Executes an MSP file using the same logic as Start-ADTMsiProcess.,SuccessExitCodes,Int32[],FALSE,FALSE,,__AllParameterSets,FALSE,"List of exit codes to be considered successful. Defaults to values set during ADTSession initialization, otherwise: 0"
Start-ADTMspProcess,Executes an MSP file using the same logic as Start-ADTMsiProcess.,RebootExitCodes,Int32[],FALSE,FALSE,,__AllParameterSets,FALSE,"List of exit codes to indicate a reboot is required. Defaults to values set during ADTSession initialization, otherwise: 1641, 3010"
Start-ADTMspProcess,Executes an MSP file using the same logic as Start-ADTMsiProcess.,IgnoreExitCodes,String[],FALSE,FALSE,,__AllParameterSets,FALSE,List the exit codes to ignore or * to ignore all exit codes.
Start-ADTMspProcess,Executes an MSP file using the same logic as Start-ADTMsiProcess.,PriorityClass,ProcessPriorityClass,FALSE,FALSE,,__AllParameterSets,FALSE,"Specifies priority class for the process. Options: Idle, Normal, High, AboveNormal, BelowNormal, RealTime."
Start-ADTMspProcess,Executes an MSP file using the same logic as Start-ADTMsiProcess.,ExitOnProcessFailure,SwitchParameter,FALSE,TRUE,,__AllParameterSets,FALSE,Automatically closes the active deployment session via Close-ADTSession in the event the process exits with a non-success or non-ignored exit code.
Start-ADTMspProcess,Executes an MSP file using the same logic as Start-ADTMsiProcess.,NoDesktopRefresh,SwitchParameter,FALSE,TRUE,,__AllParameterSets,FALSE,"If specifies, doesn't refresh the desktop and environment after successful MSI installation."
Start-ADTMspProcess,Executes an MSP file using the same logic as Start-ADTMsiProcess.,NoWait,SwitchParameter,FALSE,TRUE,,__AllParameterSets,FALSE,Immediately continue after executing the process.
Start-ADTMspProcess,Executes an MSP file using the same logic as Start-ADTMsiProcess.,PassThru,SwitchParameter,FALSE,TRUE,,__AllParameterSets,FALSE,"Returns ExitCode, StdOut, and StdErr output from the process. Note that a failed execution will only return an object if either `-ErrorAction` is set to `SilentlyContinue`/`Ignore`, or if `-IgnoreExitCodes`/`-SuccessExitCodes` are used."
Start-ADTMspProcessAsUser,Executes an MSP file using the same logic as Start-ADTMsiProcess.,Username,NTAccount,FALSE,FALSE,,__AllParameterSets,FALSE,A username to invoke the process as. Only supported while running as the SYSTEM account.
Start-ADTMspProcessAsUser,Executes an MSP file using the same logic as Start-ADTMsiProcess.,FilePath,String,TRUE,FALSE,,__AllParameterSets,FALSE,Path to the MSP file.
Start-ADTMspProcessAsUser,Executes an MSP file using the same logic as Start-ADTMsiProcess.,AdditionalArgumentList,String[],FALSE,FALSE,,__AllParameterSets,FALSE,Additional parameters.
Start-ADTMspProcessAsUser,Executes an MSP file using the same logic as Start-ADTMsiProcess.,UseLinkedAdminToken,SwitchParameter,FALSE,TRUE,,__AllParameterSets,FALSE,Use a user's linked administrative token while running the process under their context.
Start-ADTMspProcessAsUser,Executes an MSP file using the same logic as Start-ADTMsiProcess.,UseHighestAvailableToken,SwitchParameter,FALSE,TRUE,,__AllParameterSets,FALSE,Use a user's linked administrative token if it's available while running the process under their context.
Start-ADTMspProcessAsUser,Executes an MSP file using the same logic as Start-ADTMsiProcess.,InheritEnvironmentVariables,SwitchParameter,FALSE,TRUE,,__AllParameterSets,FALSE,Specifies whether the process running as a user should inherit the SYSTEM account's environment variables.
Start-ADTMspProcessAsUser,Executes an MSP file using the same logic as Start-ADTMsiProcess.,DenyUserTermination,SwitchParameter,FALSE,TRUE,,__AllParameterSets,FALSE,"Specifies that users cannot terminate the process started in their context. The user will still be able to terminate the process if they're an administrator, though."
Start-ADTMspProcessAsUser,Executes an MSP file using the same logic as Start-ADTMsiProcess.,ExpandEnvironmentVariables,SwitchParameter,FALSE,TRUE,,__AllParameterSets,FALSE,Specifies whether to expand any Windows/DOS-style environment variables in the specified FilePath/ArgumentList.
Start-ADTMspProcessAsUser,Executes an MSP file using the same logic as Start-ADTMsiProcess.,LoggingOptions,String,FALSE,FALSE,,__AllParameterSets,FALSE,Overrides the default logging options specified in the config.psd1 file.
Start-ADTMspProcessAsUser,Executes an MSP file using the same logic as Start-ADTMsiProcess.,LogFileName,String,FALSE,FALSE,,__AllParameterSets,FALSE,"Overrides the default log file name. The default log file name is generated from the MSI file name. If LogFileName does not end in .log, it will be automatically appended. For uninstallations, by default the product code is resolved to the DisplayName and version of the application."
Start-ADTMspProcessAsUser,Executes an MSP file using the same logic as Start-ADTMsiProcess.,SuccessExitCodes,Int32[],FALSE,FALSE,,__AllParameterSets,FALSE,"List of exit codes to be considered successful. Defaults to values set during ADTSession initialization, otherwise: 0"
Start-ADTMspProcessAsUser,Executes an MSP file using the same logic as Start-ADTMsiProcess.,RebootExitCodes,Int32[],FALSE,FALSE,,__AllParameterSets,FALSE,"List of exit codes to indicate a reboot is required. Defaults to values set during ADTSession initialization, otherwise: 1641, 3010"
Start-ADTMspProcessAsUser,Executes an MSP file using the same logic as Start-ADTMsiProcess.,IgnoreExitCodes,String[],FALSE,FALSE,,__AllParameterSets,FALSE,List the exit codes to ignore or * to ignore all exit codes.
Start-ADTMspProcessAsUser,Executes an MSP file using the same logic as Start-ADTMsiProcess.,PriorityClass,ProcessPriorityClass,FALSE,FALSE,,__AllParameterSets,FALSE,"Specifies priority class for the process. Options: Idle, Normal, High, AboveNormal, BelowNormal, RealTime."
Start-ADTMspProcessAsUser,Executes an MSP file using the same logic as Start-ADTMsiProcess.,ExitOnProcessFailure,SwitchParameter,FALSE,TRUE,,__AllParameterSets,FALSE,Automatically closes the active deployment session via Close-ADTSession in the event the process exits with a non-success or non-ignored exit code.
Start-ADTMspProcessAsUser,Executes an MSP file using the same logic as Start-ADTMsiProcess.,NoDesktopRefresh,SwitchParameter,FALSE,TRUE,,__AllParameterSets,FALSE,"If specifies, doesn't refresh the desktop and environment after successful MSI installation."
Start-ADTMspProcessAsUser,Executes an MSP file using the same logic as Start-ADTMsiProcess.,NoWait,SwitchParameter,FALSE,TRUE,,__AllParameterSets,FALSE,Immediately continue after executing the process.
Start-ADTMspProcessAsUser,Executes an MSP file using the same logic as Start-ADTMsiProcess.,PassThru,SwitchParameter,FALSE,TRUE,,__AllParameterSets,FALSE,"Returns ExitCode, StdOut, and StdErr output from the process. Note that a failed execution will only return an object if either `-ErrorAction` is set to `SilentlyContinue`/`Ignore`, or if `-IgnoreExitCodes`/`-SuccessExitCodes` are used."
Start-ADTProcess,"Execute a process with optional arguments, working directory, window style.",FilePath,String,TRUE,FALSE,,__AllParameterSets,FALSE,"Path to the file to be executed. If the file is located directly in the ""Files"" directory of the App Deploy Toolkit, only the file name needs to be specified. Otherwise, the full path of the file must be specified. If the files is in a subdirectory of ""Files"", use the ""$($adtSession.DirFiles)"" variable as shown in the example."
Start-ADTProcess,"Execute a process with optional arguments, working directory, window style.",ArgumentList,String[],FALSE,FALSE,,__AllParameterSets,FALSE,Arguments to be passed to the executable.
Start-ADTProcess,"Execute a process with optional arguments, working directory, window style.",SecureArgumentList,SwitchParameter,FALSE,TRUE,,__AllParameterSets,FALSE,Hides all parameters passed to the executable from the Toolkit log file.
Start-ADTProcess,"Execute a process with optional arguments, working directory, window style.",WorkingDirectory,String,FALSE,FALSE,,__AllParameterSets,FALSE,The working directory used for executing the process. Defaults to DirFiles if there is an active DeploymentSession. The use of UseShellExecute affects this parameter.
Start-ADTProcess,"Execute a process with optional arguments, working directory, window style.",RunAsActiveUser,RunAsActiveUser,TRUE,FALSE,,"RunAsActiveUser_CreateNoWindow_NoWait, RunAsActiveUser_CreateNoWindow_Timeout, RunAsActiveUser_CreateNoWindow_Wait, RunAsActiveUser_CreateWindow_NoWait, RunAsActiveUser_CreateWindow_Timeout, RunAsActiveUser_CreateWindow_Wait, RunAsActiveUser_WindowStyle_NoWait, RunAsActiveUser_WindowStyle_Timeout, RunAsActiveUser_WindowStyle_Wait",FALSE,A RunAsActiveUser object to invoke the process as.
Start-ADTProcess,"Execute a process with optional arguments, working directory, window style.",UseLinkedAdminToken,SwitchParameter,FALSE,TRUE,,"RunAsActiveUser_CreateNoWindow_NoWait, RunAsActiveUser_CreateNoWindow_Timeout, RunAsActiveUser_CreateNoWindow_Wait, RunAsActiveUser_CreateWindow_NoWait, RunAsActiveUser_CreateWindow_Timeout, RunAsActiveUser_CreateWindow_Wait, RunAsActiveUser_WindowStyle_NoWait, RunAsActiveUser_WindowStyle_Timeout, RunAsActiveUser_WindowStyle_Wait",FALSE,Use a user's linked administrative token while running the process under their context.
Start-ADTProcess,"Execute a process with optional arguments, working directory, window style.",UseHighestAvailableToken,SwitchParameter,FALSE,TRUE,,"RunAsActiveUser_CreateNoWindow_NoWait, RunAsActiveUser_CreateNoWindow_Timeout, RunAsActiveUser_CreateNoWindow_Wait, RunAsActiveUser_CreateWindow_NoWait, RunAsActiveUser_CreateWindow_Timeout, RunAsActiveUser_CreateWindow_Wait, RunAsActiveUser_WindowStyle_NoWait, RunAsActiveUser_WindowStyle_Timeout, RunAsActiveUser_WindowStyle_Wait",FALSE,Use a user's linked administrative token if it's available while running the process under their context.
Start-ADTProcess,"Execute a process with optional arguments, working directory, window style.",InheritEnvironmentVariables,SwitchParameter,FALSE,TRUE,,"RunAsActiveUser_CreateNoWindow_NoWait, RunAsActiveUser_CreateNoWindow_Timeout, RunAsActiveUser_CreateNoWindow_Wait, RunAsActiveUser_CreateWindow_NoWait, RunAsActiveUser_CreateWindow_Timeout, RunAsActiveUser_CreateWindow_Wait, RunAsActiveUser_WindowStyle_NoWait, RunAsActiveUser_WindowStyle_Timeout, RunAsActiveUser_WindowStyle_Wait",FALSE,Specifies whether the process running as a user should inherit the SYSTEM account's environment variables.
Start-ADTProcess,"Execute a process with optional arguments, working directory, window style.",DenyUserTermination,SwitchParameter,FALSE,TRUE,,"RunAsActiveUser_CreateNoWindow_NoWait, RunAsActiveUser_CreateNoWindow_Timeout, RunAsActiveUser_CreateNoWindow_Wait, RunAsActiveUser_CreateWindow_NoWait, RunAsActiveUser_CreateWindow_Timeout, RunAsActiveUser_CreateWindow_Wait, RunAsActiveUser_WindowStyle_NoWait, RunAsActiveUser_WindowStyle_Timeout, RunAsActiveUser_WindowStyle_Wait",FALSE,"Specifies that users cannot terminate the process started in their context. The user will still be able to terminate the process if they're an administrator, though."
Start-ADTProcess,"Execute a process with optional arguments, working directory, window style.",UseUnelevatedToken,SwitchParameter,FALSE,TRUE,,"Default_CreateNoWindow_NoWait, Default_CreateNoWindow_Timeout, Default_CreateNoWindow_Wait, Default_CreateWindow_NoWait, Default_CreateWindow_Timeout, Default_CreateWindow_Wait, Default_WindowStyle_NoWait, Default_WindowStyle_Timeout, Default_WindowStyle_Wait",FALSE,"If the current process is elevated, starts the new process unelevated using the user's unelevated linked token."
Start-ADTProcess,"Execute a process with optional arguments, working directory, window style.",UseShellExecute,SwitchParameter,TRUE,TRUE,,"UseShellExecute_CreateNoWindow_NoWait, UseShellExecute_CreateNoWindow_Timeout, UseShellExecute_CreateNoWindow_Wait, UseShellExecute_CreateWindow_NoWait, UseShellExecute_CreateWindow_Timeout, UseShellExecute_CreateWindow_Wait, UseShellExecute_WindowStyle_NoWait, UseShellExecute_WindowStyle_Timeout, UseShellExecute_WindowStyle_Wait",FALSE,"Specifies whether to use the operating system shell to start the process. $true if the shell should be used when starting the process; $false if the process should be created directly from the executable file. The word ""Shell"" in this context refers to a graphical shell (similar to the Windows shell) rather than command shells (for example, bash or sh) and lets users launch graphical applications or open documents. It lets you open a file or a url and the Shell will figure out the program to open it with. The WorkingDirectory property behaves differently depending on the value of the UseShellExecute property. When UseShellExecute is true, the WorkingDirectory property specifies the location of the executable. When UseShellExecute is false, the WorkingDirectory property is not used to find the executable. Instead, it is used only by the process that is started and has meaning only within the context of the new process. If you set UseShellExecute to $true, there will be no available output from the process."
Start-ADTProcess,"Execute a process with optional arguments, working directory, window style.",Verb,String,FALSE,FALSE,,"UseShellExecute_CreateNoWindow_NoWait, UseShellExecute_CreateNoWindow_Timeout, UseShellExecute_CreateNoWindow_Wait, UseShellExecute_CreateWindow_NoWait, UseShellExecute_CreateWindow_Timeout, UseShellExecute_CreateWindow_Wait, UseShellExecute_WindowStyle_NoWait, UseShellExecute_WindowStyle_Timeout, UseShellExecute_WindowStyle_Wait",FALSE,"The verb to use when doing a ShellExecute invocation. Common usages are ""runas"" to trigger a UAC elevation of the process."
Start-ADTProcess,"Execute a process with optional arguments, working directory, window style.",ExpandEnvironmentVariables,SwitchParameter,FALSE,TRUE,,__AllParameterSets,FALSE,Specifies whether to expand any Windows/DOS-style environment variables in the specified FilePath/ArgumentList.
Start-ADTProcess,"Execute a process with optional arguments, working directory, window style.",WindowStyle,ProcessWindowStyle,TRUE,FALSE,,"Default_WindowStyle_NoWait, Default_WindowStyle_Timeout, Default_WindowStyle_Wait, RunAsActiveUser_WindowStyle_NoWait, RunAsActiveUser_WindowStyle_Timeout, RunAsActiveUser_WindowStyle_Wait, UseShellExecute_WindowStyle_NoWait, UseShellExecute_WindowStyle_Timeout, UseShellExecute_WindowStyle_Wait",FALSE,"Style of the window of the process executed. Options: Normal, Hidden, Maximized, Minimized. Only works for native Windows GUI applications. If the WindowStyle is set to Hidden, UseShellExecute should be set to $true. Note: Not all processes honor WindowStyle. WindowStyle is a recommendation passed to the process. They can choose to ignore it."
Start-ADTProcess,"Execute a process with optional arguments, working directory, window style.",CreateNoWindow,SwitchParameter,TRUE,TRUE,,"Default_CreateNoWindow_NoWait, Default_CreateNoWindow_Timeout, Default_CreateNoWindow_Wait, RunAsActiveUser_CreateNoWindow_NoWait, RunAsActiveUser_CreateNoWindow_Timeout, RunAsActiveUser_CreateNoWindow_Wait, UseShellExecute_CreateNoWindow_NoWait, UseShellExecute_CreateNoWindow_Timeout, UseShellExecute_CreateNoWindow_Wait",FALSE,Specifies whether the process should be started with a new window to contain it.
Start-ADTProcess,"Execute a process with optional arguments, working directory, window style.",StreamEncoding,Encoding,FALSE,FALSE,,"Default_CreateNoWindow_NoWait, Default_CreateNoWindow_Timeout, Default_CreateNoWindow_Wait, RunAsActiveUser_CreateNoWindow_NoWait, RunAsActiveUser_CreateNoWindow_Timeout, RunAsActiveUser_CreateNoWindow_Wait, UseShellExecute_CreateNoWindow_NoWait, UseShellExecute_CreateNoWindow_Timeout, UseShellExecute_CreateNoWindow_Wait",FALSE,"Specifies the encoding type to use when reading stdout/stderr. Some apps like WinGet encode using UTF8, which will corrupt if incorrectly set."
Start-ADTProcess,"Execute a process with optional arguments, working directory, window style.",NoStreamLogging,SwitchParameter,FALSE,TRUE,,"Default_CreateNoWindow_NoWait, Default_CreateNoWindow_Timeout, Default_CreateNoWindow_Wait, RunAsActiveUser_CreateNoWindow_NoWait, RunAsActiveUser_CreateNoWindow_Timeout, RunAsActiveUser_CreateNoWindow_Wait, UseShellExecute_CreateNoWindow_NoWait, UseShellExecute_CreateNoWindow_Timeout, UseShellExecute_CreateNoWindow_Wait",FALSE,Don't log any available stdout/stderr data to the log file.
Start-ADTProcess,"Execute a process with optional arguments, working directory, window style.",WaitForMsiExec,SwitchParameter,FALSE,TRUE,,__AllParameterSets,FALSE,"Sometimes an EXE bootstrapper will launch an MSI install. In such cases, this variable will ensure that this function waits for the msiexec engine to become available before starting the install."
Start-ADTProcess,"Execute a process with optional arguments, working directory, window style.",MsiExecWaitTime,TimeSpan,FALSE,FALSE,,__AllParameterSets,FALSE,Specify the length of time in seconds to wait for the msiexec engine to become available.
Start-ADTProcess,"Execute a process with optional arguments, working directory, window style.",WaitForChildProcesses,SwitchParameter,FALSE,TRUE,,__AllParameterSets,FALSE,Specifies whether the started process should be considered finished only when any child processes it spawns have finished also.
Start-ADTProcess,"Execute a process with optional arguments, working directory, window style.",KillChildProcessesWithParent,SwitchParameter,FALSE,TRUE,,__AllParameterSets,FALSE,Specifies whether any child processes started by the provided executable should be closed when the provided executable closes. This is handy for application installs that open web browsers and other programs that cannot be suppressed.
Start-ADTProcess,"Execute a process with optional arguments, working directory, window style.",Timeout,TimeSpan,TRUE,FALSE,,"Default_CreateNoWindow_Timeout, Default_CreateWindow_Timeout, Default_WindowStyle_Timeout, RunAsActiveUser_CreateNoWindow_Timeout, RunAsActiveUser_CreateWindow_Timeout, RunAsActiveUser_WindowStyle_Timeout, UseShellExecute_CreateNoWindow_Timeout, UseShellExecute_CreateWindow_Timeout, UseShellExecute_WindowStyle_Timeout",FALSE,How long to wait for the process before timing out.
Start-ADTProcess,"Execute a process with optional arguments, working directory, window style.",TimeoutAction,ActionPreference,FALSE,FALSE,,"Default_CreateNoWindow_Timeout, Default_CreateWindow_Timeout, Default_WindowStyle_Timeout, RunAsActiveUser_CreateNoWindow_Timeout, RunAsActiveUser_CreateWindow_Timeout, RunAsActiveUser_WindowStyle_Timeout, UseShellExecute_CreateNoWindow_Timeout, UseShellExecute_CreateWindow_Timeout, UseShellExecute_WindowStyle_Timeout",FALSE,What action to take on timeout. Follows ErrorAction if not specified.
Start-ADTProcess,"Execute a process with optional arguments, working directory, window style.",NoTerminateOnTimeout,SwitchParameter,FALSE,TRUE,,"Default_CreateNoWindow_Timeout, Default_CreateWindow_Timeout, Default_WindowStyle_Timeout, RunAsActiveUser_CreateNoWindow_Timeout, RunAsActiveUser_CreateWindow_Timeout, RunAsActiveUser_WindowStyle_Timeout, UseShellExecute_CreateNoWindow_Timeout, UseShellExecute_CreateWindow_Timeout, UseShellExecute_WindowStyle_Timeout",FALSE,Indicates that the process should not be terminated on timeout. Only supported for GUI-based applications.
Start-ADTProcess,"Execute a process with optional arguments, working directory, window style.",SuccessExitCodes,Int32[],FALSE,FALSE,,"Default_CreateNoWindow_Timeout, Default_CreateNoWindow_Wait, Default_CreateWindow_Timeout, Default_CreateWindow_Wait, Default_WindowStyle_Timeout, Default_WindowStyle_Wait, RunAsActiveUser_CreateNoWindow_Timeout, RunAsActiveUser_CreateNoWindow_Wait, RunAsActiveUser_CreateWindow_Timeout, RunAsActiveUser_CreateWindow_Wait, RunAsActiveUser_WindowStyle_Timeout, RunAsActiveUser_WindowStyle_Wait, UseShellExecute_CreateNoWindow_Timeout, UseShellExecute_CreateNoWindow_Wait, UseShellExecute_CreateWindow_Timeout, UseShellExecute_CreateWindow_Wait, UseShellExecute_WindowStyle_Timeout, UseShellExecute_WindowStyle_Wait",FALSE,"List of exit codes to be considered successful. Defaults to values set during ADTSession initialization, otherwise: 0"
Start-ADTProcess,"Execute a process with optional arguments, working directory, window style.",RebootExitCodes,Int32[],FALSE,FALSE,,"Default_CreateNoWindow_Timeout, Default_CreateNoWindow_Wait, Default_CreateWindow_Timeout, Default_CreateWindow_Wait, Default_WindowStyle_Timeout, Default_WindowStyle_Wait, RunAsActiveUser_CreateNoWindow_Timeout, RunAsActiveUser_CreateNoWindow_Wait, RunAsActiveUser_CreateWindow_Timeout, RunAsActiveUser_CreateWindow_Wait, RunAsActiveUser_WindowStyle_Timeout, RunAsActiveUser_WindowStyle_Wait, UseShellExecute_CreateNoWindow_Timeout, UseShellExecute_CreateNoWindow_Wait, UseShellExecute_CreateWindow_Timeout, UseShellExecute_CreateWindow_Wait, UseShellExecute_WindowStyle_Timeout, UseShellExecute_WindowStyle_Wait",FALSE,"List of exit codes to indicate a reboot is required. Defaults to values set during ADTSession initialization, otherwise: 1641, 3010"
Start-ADTProcess,"Execute a process with optional arguments, working directory, window style.",IgnoreExitCodes,String[],FALSE,FALSE,,"Default_CreateNoWindow_Timeout, Default_CreateNoWindow_Wait, Default_CreateWindow_Timeout, Default_CreateWindow_Wait, Default_WindowStyle_Timeout, Default_WindowStyle_Wait, RunAsActiveUser_CreateNoWindow_Timeout, RunAsActiveUser_CreateNoWindow_Wait, RunAsActiveUser_CreateWindow_Timeout, RunAsActiveUser_CreateWindow_Wait, RunAsActiveUser_WindowStyle_Timeout, RunAsActiveUser_WindowStyle_Wait, UseShellExecute_CreateNoWindow_Timeout, UseShellExecute_CreateNoWindow_Wait, UseShellExecute_CreateWindow_Timeout, UseShellExecute_CreateWindow_Wait, UseShellExecute_WindowStyle_Timeout, UseShellExecute_WindowStyle_Wait",FALSE,"List the exit codes to ignore or * to ignore all exit codes. Where possible, please use `-SuccessExitCodes` and/or `-RebootExitCodes` instead."
Start-ADTProcess,"Execute a process with optional arguments, working directory, window style.",PriorityClass,ProcessPriorityClass,FALSE,FALSE,,__AllParameterSets,FALSE,"Specifies priority class for the process. Options: Idle, Normal, High, AboveNormal, BelowNormal, RealTime."
Start-ADTProcess,"Execute a process with optional arguments, working directory, window style.",ExitOnProcessFailure,SwitchParameter,FALSE,TRUE,,"Default_CreateNoWindow_Timeout, Default_CreateNoWindow_Wait, Default_CreateWindow_Timeout, Default_CreateWindow_Wait, Default_WindowStyle_Timeout, Default_WindowStyle_Wait, RunAsActiveUser_CreateNoWindow_Timeout, RunAsActiveUser_CreateNoWindow_Wait, RunAsActiveUser_CreateWindow_Timeout, RunAsActiveUser_CreateWindow_Wait, RunAsActiveUser_WindowStyle_Timeout, RunAsActiveUser_WindowStyle_Wait, UseShellExecute_CreateNoWindow_Timeout, UseShellExecute_CreateNoWindow_Wait, UseShellExecute_CreateWindow_Timeout, UseShellExecute_CreateWindow_Wait, UseShellExecute_WindowStyle_Timeout, UseShellExecute_WindowStyle_Wait",FALSE,Automatically closes the active deployment session via Close-ADTSession in the event the process exits with a non-success or non-ignored exit code.
Start-ADTProcess,"Execute a process with optional arguments, working directory, window style.",NoWait,SwitchParameter,TRUE,TRUE,,"Default_CreateNoWindow_NoWait, Default_CreateWindow_NoWait, Default_WindowStyle_NoWait, RunAsActiveUser_CreateNoWindow_NoWait, RunAsActiveUser_CreateWindow_NoWait, RunAsActiveUser_WindowStyle_NoWait, UseShellExecute_CreateNoWindow_NoWait, UseShellExecute_CreateWindow_NoWait, UseShellExecute_WindowStyle_NoWait",FALSE,Immediately continue after executing the process.
Start-ADTProcess,"Execute a process with optional arguments, working directory, window style.",PassThru,SwitchParameter,FALSE,TRUE,,__AllParameterSets,FALSE,"If `-NoWait` is not specified, returns an object with ExitCode, StdOut, and StdErr output from the process. If `-NoWait` is specified, returns a task that can be awaited. Note that a failed execution will only return an object if either `-ErrorAction` is set to `SilentlyContinue`/`Ignore`, or if `-IgnoreExitCodes`/`-SuccessExitCodes` are used."
Start-ADTProcessAsUser,Invokes a process in another user's session.,Username,NTAccount,FALSE,FALSE,,__AllParameterSets,FALSE,A username to invoke the process as. Only supported while running as the SYSTEM account.
Start-ADTProcessAsUser,Invokes a process in another user's session.,FilePath,String,TRUE,FALSE,,__AllParameterSets,FALSE,"Path to the file to be executed. If the file is located directly in the ""Files"" directory of the App Deploy Toolkit, only the file name needs to be specified. Otherwise, the full path of the file must be specified. If the files is in a subdirectory of ""Files"", use the ""$($adtSession.DirFiles)"" variable as shown in the example."
Start-ADTProcessAsUser,Invokes a process in another user's session.,ArgumentList,String[],FALSE,FALSE,,__AllParameterSets,FALSE,Arguments to be passed to the executable.
Start-ADTProcessAsUser,Invokes a process in another user's session.,SecureArgumentList,SwitchParameter,FALSE,TRUE,,__AllParameterSets,FALSE,Hides all parameters passed to the executable from the Toolkit log file.
Start-ADTProcessAsUser,Invokes a process in another user's session.,WorkingDirectory,String,FALSE,FALSE,,__AllParameterSets,FALSE,The working directory used for executing the process. Defaults to the directory of the file being executed. The use of UseShellExecute affects this parameter.
Start-ADTProcessAsUser,Invokes a process in another user's session.,UseLinkedAdminToken,SwitchParameter,FALSE,TRUE,,__AllParameterSets,FALSE,Use a user's linked administrative token while running the process under their context.
Start-ADTProcessAsUser,Invokes a process in another user's session.,UseHighestAvailableToken,SwitchParameter,FALSE,TRUE,,__AllParameterSets,FALSE,Use a user's linked administrative token if it's available while running the process under their context.
Start-ADTProcessAsUser,Invokes a process in another user's session.,InheritEnvironmentVariables,SwitchParameter,FALSE,TRUE,,__AllParameterSets,FALSE,Specifies whether the process running as a user should inherit the SYSTEM account's environment variables.
Start-ADTProcessAsUser,Invokes a process in another user's session.,ExpandEnvironmentVariables,SwitchParameter,FALSE,TRUE,,__AllParameterSets,FALSE,Specifies whether to expand any Windows/DOS-style environment variables in the specified FilePath/ArgumentList.
Start-ADTProcessAsUser,Invokes a process in another user's session.,DenyUserTermination,SwitchParameter,FALSE,TRUE,,__AllParameterSets,FALSE,"Specifies that users cannot terminate the process started in their context. The user will still be able to terminate the process if they're an administrator, though."
Start-ADTProcessAsUser,Invokes a process in another user's session.,WindowStyle,ProcessWindowStyle,TRUE,FALSE,,"Default_WindowStyle_NoWait, Default_WindowStyle_Timeout, Default_WindowStyle_Wait",FALSE,"Style of the window of the process executed. Options: Normal, Hidden, Maximized, Minimized. Only works for native Windows GUI applications. If the WindowStyle is set to Hidden, UseShellExecute should be set to $true. Note: Not all processes honor WindowStyle. WindowStyle is a recommendation passed to the process. They can choose to ignore it."
Start-ADTProcessAsUser,Invokes a process in another user's session.,CreateNoWindow,SwitchParameter,TRUE,TRUE,,"Default_CreateNoWindow_NoWait, Default_CreateNoWindow_Timeout, Default_CreateNoWindow_Wait",FALSE,Specifies whether the process should be started with a new window to contain it.
Start-ADTProcessAsUser,Invokes a process in another user's session.,StreamEncoding,Encoding,FALSE,FALSE,,"Default_CreateNoWindow_NoWait, Default_CreateNoWindow_Timeout, Default_CreateNoWindow_Wait",FALSE,"Specifies the encoding type to use when reading stdout/stderr. Some apps like WinGet encode using UTF8, which will corrupt if incorrectly set."
Start-ADTProcessAsUser,Invokes a process in another user's session.,NoStreamLogging,SwitchParameter,FALSE,TRUE,,"Default_CreateNoWindow_NoWait, Default_CreateNoWindow_Timeout, Default_CreateNoWindow_Wait",FALSE,Don't log any available stdout/stderr data to the log file.
Start-ADTProcessAsUser,Invokes a process in another user's session.,WaitForMsiExec,SwitchParameter,FALSE,TRUE,,__AllParameterSets,FALSE,"Sometimes an EXE bootstrapper will launch an MSI install. In such cases, this variable will ensure that this function waits for the msiexec engine to become available before starting the install."
Start-ADTProcessAsUser,Invokes a process in another user's session.,MsiExecWaitTime,TimeSpan,FALSE,FALSE,,__AllParameterSets,FALSE,Specify the length of time in seconds to wait for the msiexec engine to become available.
Start-ADTProcessAsUser,Invokes a process in another user's session.,WaitForChildProcesses,SwitchParameter,FALSE,TRUE,,__AllParameterSets,FALSE,Specifies whether the started process should be considered finished only when any child processes it spawns have finished also.
Start-ADTProcessAsUser,Invokes a process in another user's session.,KillChildProcessesWithParent,SwitchParameter,FALSE,TRUE,,__AllParameterSets,FALSE,Specifies whether any child processes started by the provided executable should be closed when the provided executable closes. This is handy for application installs that open web browsers and other programs that cannot be suppressed.
Start-ADTProcessAsUser,Invokes a process in another user's session.,Timeout,TimeSpan,TRUE,FALSE,,"Default_CreateNoWindow_Timeout, Default_CreateWindow_Timeout, Default_WindowStyle_Timeout",FALSE,How long to wait for the process before timing out.
Start-ADTProcessAsUser,Invokes a process in another user's session.,TimeoutAction,ActionPreference,FALSE,FALSE,,"Default_CreateNoWindow_Timeout, Default_CreateWindow_Timeout, Default_WindowStyle_Timeout",FALSE,What action to take on timeout. Follows ErrorAction if not specified.
Start-ADTProcessAsUser,Invokes a process in another user's session.,NoTerminateOnTimeout,SwitchParameter,FALSE,TRUE,,"Default_CreateNoWindow_Timeout, Default_CreateWindow_Timeout, Default_WindowStyle_Timeout",FALSE,"Indicates that the process should not be terminated on timeout. Only supported for GUI-based applications, or when -CreateNoWindow isn't specified."
Start-ADTProcessAsUser,Invokes a process in another user's session.,SuccessExitCodes,Int32[],FALSE,FALSE,,"Default_CreateNoWindow_Timeout, Default_CreateNoWindow_Wait, Default_CreateWindow_Timeout, Default_CreateWindow_Wait, Default_WindowStyle_Timeout, Default_WindowStyle_Wait",FALSE,"List of exit codes to be considered successful. Defaults to values set during ADTSession initialization, otherwise: 0"
Start-ADTProcessAsUser,Invokes a process in another user's session.,RebootExitCodes,Int32[],FALSE,FALSE,,"Default_CreateNoWindow_Timeout, Default_CreateNoWindow_Wait, Default_CreateWindow_Timeout, Default_CreateWindow_Wait, Default_WindowStyle_Timeout, Default_WindowStyle_Wait",FALSE,"List of exit codes to indicate a reboot is required. Defaults to values set during ADTSession initialization, otherwise: 1641, 3010"
Start-ADTProcessAsUser,Invokes a process in another user's session.,IgnoreExitCodes,String[],FALSE,FALSE,,"Default_CreateNoWindow_Timeout, Default_CreateNoWindow_Wait, Default_CreateWindow_Timeout, Default_CreateWindow_Wait, Default_WindowStyle_Timeout, Default_WindowStyle_Wait",FALSE,List the exit codes to ignore or * to ignore all exit codes.
Start-ADTProcessAsUser,Invokes a process in another user's session.,PriorityClass,ProcessPriorityClass,FALSE,FALSE,,__AllParameterSets,FALSE,"Specifies priority class for the process. Options: Idle, Normal, High, AboveNormal, BelowNormal, RealTime."
Start-ADTProcessAsUser,Invokes a process in another user's session.,ExitOnProcessFailure,SwitchParameter,FALSE,TRUE,,"Default_CreateNoWindow_Timeout, Default_CreateNoWindow_Wait, Default_CreateWindow_Timeout, Default_CreateWindow_Wait, Default_WindowStyle_Timeout, Default_WindowStyle_Wait",FALSE,Automatically closes the active deployment session via Close-ADTSession in the event the process exits with a non-success or non-ignored exit code.
Start-ADTProcessAsUser,Invokes a process in another user's session.,NoWait,SwitchParameter,TRUE,TRUE,,"Default_CreateNoWindow_NoWait, Default_CreateWindow_NoWait, Default_WindowStyle_NoWait",FALSE,Immediately continue after executing the process.
Start-ADTProcessAsUser,Invokes a process in another user's session.,PassThru,SwitchParameter,FALSE,TRUE,,__AllParameterSets,FALSE,"If `-NoWait` is not specified, returns an object with ExitCode, StdOut, and StdErr output from the process. If `-NoWait` is specified, returns a task that can be awaited. Note that a failed execution will only return an object if either `-ErrorAction` is set to `SilentlyContinue`/`Ignore`, or if `-IgnoreExitCodes`/`-SuccessExitCodes` are used."
Start-ADTServiceAndDependencies,Start a Windows service and its dependencies.,Name,String,TRUE,FALSE,Service,Name,FALSE,Specify the name of the service.
Start-ADTServiceAndDependencies,Start a Windows service and its dependencies.,InputObject,ServiceController,TRUE,FALSE,,InputObject,FALSE,A ServiceController object to start.
Start-ADTServiceAndDependencies,Start a Windows service and its dependencies.,SkipDependentServices,SwitchParameter,FALSE,TRUE,,__AllParameterSets,FALSE,Choose to skip checking for and starting dependent services.
Start-ADTServiceAndDependencies,Start a Windows service and its dependencies.,PendingStatusWait,TimeSpan,FALSE,FALSE,,__AllParameterSets,FALSE,The amount of time to wait for a service to get out of a pending state before continuing. Default is 60 seconds.
Start-ADTServiceAndDependencies,Start a Windows service and its dependencies.,PassThru,SwitchParameter,FALSE,TRUE,,__AllParameterSets,FALSE,Return the System.ServiceProcess.ServiceController service object.
Stop-ADTServiceAndDependencies,Stop a Windows service and its dependencies.,Name,String,TRUE,FALSE,Service,Name,FALSE,Specify the name of the service.
Stop-ADTServiceAndDependencies,Stop a Windows service and its dependencies.,InputObject,ServiceController,TRUE,FALSE,,InputObject,FALSE,A ServiceController object to stop.
Stop-ADTServiceAndDependencies,Stop a Windows service and its dependencies.,SkipDependentServices,SwitchParameter,FALSE,TRUE,,__AllParameterSets,FALSE,Choose to skip checking for and stopping dependent services.
Stop-ADTServiceAndDependencies,Stop a Windows service and its dependencies.,PendingStatusWait,TimeSpan,FALSE,FALSE,,__AllParameterSets,FALSE,The amount of time to wait for a service to get out of a pending state before continuing. Default is 60 seconds.
Stop-ADTServiceAndDependencies,Stop a Windows service and its dependencies.,PassThru,SwitchParameter,FALSE,TRUE,,__AllParameterSets,FALSE,Return the System.ServiceProcess.ServiceController service object.
Test-ADTBattery,Tests whether the local machine is running on AC power or not.,PassThru,SwitchParameter,FALSE,TRUE,,__AllParameterSets,FALSE,Outputs an object containing the following properties: - ACPowerLineStatus - BatteryChargeStatus - BatteryLifePercent - BatterySaverEnabled - BatteryLifeRemaining - BatteryFullLifetime - IsUsingACPower - IsLaptop
Test-ADTCallerIsAdmin,Checks if the current user has administrative privileges.,(none),,,,,,,
Test-ADTEspActive,Checks if the device is currently within a device or user Enrollment Status Page (ESP) phase.,(none),,,,,,,
Test-ADTMicrophoneInUse,Tests whether the device's microphone is in use.,(none),,,,,,,
Test-ADTModuleInitialized,Checks if the ADT (PSAppDeployToolkit) module is initialized.,(none),,,,,,,
Test-ADTMSUpdates,Test whether a Microsoft Windows update is installed.,KbNumber,String,TRUE,FALSE,,__AllParameterSets,FALSE,KBNumber of the update.
Test-ADTMutexAvailability,"Wait, up to a timeout value, to check if current thread is able to acquire an exclusive lock on a system mutex.",MutexName,String,TRUE,FALSE,,__AllParameterSets,FALSE,The name of the system mutex.
Test-ADTMutexAvailability,"Wait, up to a timeout value, to check if current thread is able to acquire an exclusive lock on a system mutex.",MutexWaitTime,TimeSpan,FALSE,FALSE,,__AllParameterSets,FALSE,The number of milliseconds the current thread should wait to acquire an exclusive lock of a named mutex. A wait time of -1 milliseconds means to wait indefinitely. A wait time of zero does not acquire an exclusive lock but instead tests the state of the wait handle and returns immediately.
Test-ADTNetworkConnection,Tests for an active local network connection; ethernet/Wi-Fi by default but can test for a number of other connection types.,InterfaceType,NetworkInterfaceType[],FALSE,FALSE,,__AllParameterSets,FALSE,Specifies one or more interface types to test. Defaults to `Ethernet` and `Wireless80211` (Wi-Fi).
Test-ADTOobeCompleted,Checks if the device's Out-of-Box Experience (OOBE) has completed or not.,(none),,,,,,,
Test-ADTPowerPoint,Tests whether PowerPoint is running in either fullscreen slideshow mode or presentation mode.,(none),,,,,,,
Test-ADTRegistryValue,Test if a registry value exists.,Key,String,TRUE,FALSE,,__AllParameterSets,TRUE,Path of the registry key.
Test-ADTRegistryValue,Test if a registry value exists.,Name,Object,TRUE,FALSE,,__AllParameterSets,FALSE,Specify the name of the value to check the existence of.
Test-ADTRegistryValue,Test if a registry value exists.,SID,String,FALSE,FALSE,,__AllParameterSets,FALSE,The security identifier (SID) for a user. Specifying this parameter will convert a HKEY_CURRENT_USER registry key to the HKEY_USERS\$SID format. Specify this parameter from the Invoke-ADTAllUsersRegistryAction function to read/edit HKCU registry settings for all users on the system.
Test-ADTRegistryValue,Test if a registry value exists.,Wow6432Node,SwitchParameter,FALSE,TRUE,,__AllParameterSets,FALSE,Specify this switch to check the 32-bit registry (Wow6432Node) on 64-bit systems.
Test-ADTServiceExists,Check to see if a service exists.,Name,String,TRUE,FALSE,,__AllParameterSets,FALSE,"Specify the name of the service. Note: Service name can be found by executing ""Get-Service | Format-Table -AutoSize -Wrap"" or by using the properties screen of a service in services.msc."
Test-ADTServiceExists,Check to see if a service exists.,UseCIM,SwitchParameter,FALSE,TRUE,UseWMI,__AllParameterSets,FALSE,Use CIM/WMI to check for the service. This is useful for compatibility with PSADT v3.x.
Test-ADTServiceExists,Check to see if a service exists.,PassThru,SwitchParameter,FALSE,TRUE,,__AllParameterSets,FALSE,Return the WMI service object. To see all the properties use: Test-ADTServiceExists -Name 'spooler' -PassThru | Get-Member
Test-ADTSessionActive,Checks if there is an active ADT session.,(none),,,,,,,
Test-ADTUserIsBusy,"Tests whether the device's microphone is in use, the user has manually turned on presentation mode, or PowerPoint is running in either fullscreen slideshow mode or presentation mode.",(none),,,,,,,
Unblock-ADTAppExecution,Unblocks the execution of applications performed by the Block-ADTAppExecution function.,Tasks,CimInstance[],FALSE,FALSE,,__AllParameterSets,FALSE,Specify the scheduled tasks to unblock.
Uninstall-ADTApplication,"Removes one or more applications specified by name, filter script, or InstalledApplication object from Get-ADTApplication.",InstalledApplication,InstalledApplication[],TRUE,FALSE,,InstalledApplication,TRUE,Specifies the [PSADT.Types.InstalledApplication] object to remove. This parameter is typically used when piping Get-ADTApplication to this function.
Uninstall-ADTApplication,"Removes one or more applications specified by name, filter script, or InstalledApplication object from Get-ADTApplication.",Name,String[],FALSE,FALSE,,Search,FALSE,The name of the application to retrieve information for. Performs a contains match on the application display name by default.
Uninstall-ADTApplication,"Removes one or more applications specified by name, filter script, or InstalledApplication object from Get-ADTApplication.",NameMatch,String,FALSE,FALSE,,Search,FALSE,"Specifies the type of match to perform on the application name. Valid values are 'Contains', 'Exact', 'Wildcard', and 'Regex'. The default value is 'Contains'."
Uninstall-ADTApplication,"Removes one or more applications specified by name, filter script, or InstalledApplication object from Get-ADTApplication.",ProductCode,Guid[],FALSE,FALSE,,Search,FALSE,The product code of the application to retrieve information for.
Uninstall-ADTApplication,"Removes one or more applications specified by name, filter script, or InstalledApplication object from Get-ADTApplication.",ApplicationType,String,FALSE,FALSE,,Search,FALSE,"Specifies the type of application to remove. Valid values are 'All', 'MSI', and 'EXE'. The default value is 'All'."
Uninstall-ADTApplication,"Removes one or more applications specified by name, filter script, or InstalledApplication object from Get-ADTApplication.",IncludeUpdatesAndHotfixes,SwitchParameter,FALSE,TRUE,,Search,FALSE,Include matches against updates and hotfixes in results.
Uninstall-ADTApplication,"Removes one or more applications specified by name, filter script, or InstalledApplication object from Get-ADTApplication.",FilterScript,ScriptBlock,FALSE,FALSE,,Search,FALSE,A script used to filter the results as they're processed.
Uninstall-ADTApplication,"Removes one or more applications specified by name, filter script, or InstalledApplication object from Get-ADTApplication.",ArgumentList,String[],FALSE,FALSE,,__AllParameterSets,FALSE,"Overrides the default MSI parameters specified in the config.psd1 file, or the parameters found in QuietUninstallString/UninstallString for EXE applications."
Uninstall-ADTApplication,"Removes one or more applications specified by name, filter script, or InstalledApplication object from Get-ADTApplication.",AdditionalArgumentList,String[],FALSE,FALSE,,__AllParameterSets,FALSE,"Adds to the default parameters specified in the config.psd1 file, or the parameters found in QuietUninstallString/UninstallString for EXE applications."
Uninstall-ADTApplication,"Removes one or more applications specified by name, filter script, or InstalledApplication object from Get-ADTApplication.",SecureArgumentList,SwitchParameter,FALSE,TRUE,,__AllParameterSets,FALSE,Hides all parameters passed to the executable from the Toolkit log file.
Uninstall-ADTApplication,"Removes one or more applications specified by name, filter script, or InstalledApplication object from Get-ADTApplication.",LoggingOptions,String,FALSE,FALSE,,__AllParameterSets,FALSE,"Overrides the default MSI logging options specified in the config.psd1 file. Default options are: ""/L*v""."
Uninstall-ADTApplication,"Removes one or more applications specified by name, filter script, or InstalledApplication object from Get-ADTApplication.",LogFileName,String,FALSE,FALSE,,__AllParameterSets,FALSE,"Overrides the default log file name for MSI applications. The default log file name is generated from the MSI file name. If LogFileName does not end in .log, it will be automatically appended. For uninstallations, by default the product code is resolved to the DisplayName and version of the application."
Uninstall-ADTApplication,"Removes one or more applications specified by name, filter script, or InstalledApplication object from Get-ADTApplication.",WaitForChildProcesses,SwitchParameter,FALSE,TRUE,,__AllParameterSets,FALSE,Specifies whether the started process should be considered finished only when any child processes it spawns have finished also.
Uninstall-ADTApplication,"Removes one or more applications specified by name, filter script, or InstalledApplication object from Get-ADTApplication.",KillChildProcessesWithParent,SwitchParameter,FALSE,TRUE,,__AllParameterSets,FALSE,Specifies whether any child processes started by the provided executable should be closed when the provided executable closes. This is handy for application installs that open web browsers and other programs that cannot be suppressed.
Uninstall-ADTApplication,"Removes one or more applications specified by name, filter script, or InstalledApplication object from Get-ADTApplication.",SuccessExitCodes,Int32[],FALSE,FALSE,,__AllParameterSets,FALSE,"List of exit codes to be considered successful. Defaults to values set during ADTSession initialization, otherwise: 0"
Uninstall-ADTApplication,"Removes one or more applications specified by name, filter script, or InstalledApplication object from Get-ADTApplication.",RebootExitCodes,Int32[],FALSE,FALSE,,__AllParameterSets,FALSE,"List of exit codes to indicate a reboot is required. Defaults to values set during ADTSession initialization, otherwise: 1641, 3010"
Uninstall-ADTApplication,"Removes one or more applications specified by name, filter script, or InstalledApplication object from Get-ADTApplication.",IgnoreExitCodes,String[],FALSE,FALSE,,__AllParameterSets,FALSE,"List the exit codes to ignore or * to ignore all exit codes. Where possible, please use `-SuccessExitCodes` and/or `-RebootExitCodes` instead."
Uninstall-ADTApplication,"Removes one or more applications specified by name, filter script, or InstalledApplication object from Get-ADTApplication.",ExitOnProcessFailure,SwitchParameter,FALSE,TRUE,,__AllParameterSets,FALSE,Automatically closes the active deployment session via Close-ADTSession in the event the process exits with a non-success or non-ignored exit code.
Uninstall-ADTApplication,"Removes one or more applications specified by name, filter script, or InstalledApplication object from Get-ADTApplication.",PassThru,SwitchParameter,FALSE,TRUE,,__AllParameterSets,FALSE,"Returns a PSADT.Types.ProcessResult object, providing the ExitCode, StdOut, and StdErr output from the uninstallation."
Unregister-ADTDll,Unregister a DLL file.,FilePath,String,TRUE,FALSE,,__AllParameterSets,FALSE,Path to the DLL file.
Update-ADTDesktop,"Refresh the Windows Explorer Shell, which causes the desktop icons and the environment variables to be reloaded.",(none),,,,,,,
Update-ADTEnvironmentPsProvider,Updates the environment variables for the current PowerShell session with any environment variable changes that may have occurred during script execution.,LoadLoggedOnUserEnvironmentVariables,SwitchParameter,FALSE,TRUE,,__AllParameterSets,FALSE,"If script is running in SYSTEM context, this option allows loading environment variables from the active console user. If no console user exists but users are logged in, such as on terminal servers, then the first logged-in non-console user."
Update-ADTGroupPolicy,Performs a gpupdate command to refresh Group Policies on the local machine.,(none),,,,,,,
Write-ADTLogEntry,Write messages to a log file in CMTrace.exe compatible format or Legacy text file format.,Message,String[],TRUE,FALSE,,__AllParameterSets,TRUE,The message to write to the log file or output to the console.
Write-ADTLogEntry,Write messages to a log file in CMTrace.exe compatible format or Legacy text file format.,Severity,LogSeverity,FALSE,FALSE,,__AllParameterSets,FALSE,"Defines message type. When writing to console or CMTrace.exe log format, it allows highlighting of message type."
Write-ADTLogEntry,Write messages to a log file in CMTrace.exe compatible format or Legacy text file format.,Source,String,FALSE,FALSE,,__AllParameterSets,FALSE,The source of the message being logged.
Write-ADTLogEntry,Write messages to a log file in CMTrace.exe compatible format or Legacy text file format.,ScriptSection,String,FALSE,FALSE,,__AllParameterSets,FALSE,The heading for the portion of the script that is being executed.
Write-ADTLogEntry,Write messages to a log file in CMTrace.exe compatible format or Legacy text file format.,LogType,LogStyle,FALSE,FALSE,,__AllParameterSets,FALSE,Choose whether to write a CMTrace.exe compatible log file or a Legacy text log file.
Write-ADTLogEntry,Write messages to a log file in CMTrace.exe compatible format or Legacy text file format.,LogFileDirectory,String,FALSE,FALSE,,__AllParameterSets,FALSE,Set the directory where the log file will be saved.
Write-ADTLogEntry,Write messages to a log file in CMTrace.exe compatible format or Legacy text file format.,LogFileName,String,FALSE,FALSE,,__AllParameterSets,FALSE,Set the name of the log file.
Write-ADTLogEntry,Write messages to a log file in CMTrace.exe compatible format or Legacy text file format.,HostLogStream,HostLogStream,FALSE,FALSE,,__AllParameterSets,FALSE,Controls how the log entry is written to the console window.
Write-ADTLogEntry,Write messages to a log file in CMTrace.exe compatible format or Legacy text file format.,PassThru,SwitchParameter,FALSE,TRUE,,__AllParameterSets,FALSE,Return the message that was passed to the function.
Write-ADTLogEntry,Write messages to a log file in CMTrace.exe compatible format or Legacy text file format.,DebugMessage,SwitchParameter,FALSE,TRUE,,__AllParameterSets,FALSE,Specifies that the message is a debug message. Debug messages only get logged if -LogDebugMessage is set to $true.
